make,model,year,body_type,retail_price_mxn,source
Acura,Integra,2024,Hatchback,850680.0,formula_estimate
Acura,Rdx,2018,Hatchback,727560.0,formula_estimate
Audi,A1,2014,SUV,788400.0,formula_estimate
Audi,A1,2016,SUV,831600.0,formula_estimate
Audi,A1,2023,SUV,982800.0,formula_estimate
Audi,A1,2024,SUV,565924.0,zero_mile_inventory
Audi,A4,2009,Sedan,590400.0,formula_estimate
Audi,A4,2010,Truck,738000.0,formula_estimate
Audi,A4,2011,Truck,759600.0,formula_estimate
Audi,A4,2012,SUV,745200.0,formula_estimate
Audi,A4,2012,Truck,781200.0,formula_estimate
Audi,A4,2014,Sedan,698400.0,formula_estimate
Audi,A4,2015,Hatchback,702000.0,formula_estimate
Audi,A4,2015,Sedan,720000.0,formula_estimate
Audi,A4,2016,Sedan,741600.0,formula_estimate
Audi,A4,2017,SUV,853200.0,formula_estimate
Audi,A4,2017,Sedan,763200.0,formula_estimate
Audi,A4,2018,Truck,910800.0,formula_estimate
Audi,A4,2021,Sedan,849600.0,formula_estimate
Audi,A4,2022,Truck,997200.0,formula_estimate
Audi,A4,2023,Hatchback,874800.0,formula_estimate
Audi,A4,2023,Sedan,892800.0,formula_estimate
Audi,A4,2023,Truck,1018800.0,formula_estimate
Audi,A4,2024,Sedan,759722.0,zero_mile_inventory
Audi,A5,2021,SUV,939600.0,formula_estimate
Audi,A5,2022,SUV,961200.0,formula_estimate
Audi,A5,2025,SUV,1149101.0,zero_mile_inventory
Audi,A6,2010,Truck,738000.0,formula_estimate
Audi,A6,2011,SUV,723600.0,formula_estimate
Audi,A6,2011,Sedan,633600.0,formula_estimate
Audi,A6,2012,Hatchback,637200.0,formula_estimate
Audi,A6,2013,Sedan,676800.0,formula_estimate
Audi,A6,2014,Sedan,698400.0,formula_estimate
Audi,A6,2014,Truck,824400.0,formula_estimate
Audi,A6,2015,Hatchback,702000.0,formula_estimate
Audi,A6,2016,Truck,867600.0,formula_estimate
Audi,A6,2017,Hatchback,745200.0,formula_estimate
Audi,A6,2017,SUV,853200.0,formula_estimate
Audi,A6,2017,Sedan,763200.0,formula_estimate
Audi,A6,2017,Truck,889200.0,formula_estimate
Audi,A6,2018,Hatchback,766800.0,formula_estimate
Audi,A6,2018,Sedan,784800.0,formula_estimate
Audi,A6,2018,Truck,910800.0,formula_estimate
Audi,A6,2019,Sedan,806400.0,formula_estimate
Audi,A6,2020,Sedan,1515141.5,zero_mile_inventory
Audi,A6,2021,SUV,939600.0,formula_estimate
Audi,A6,2023,SUV,982800.0,formula_estimate
Audi,Q2,2019,SUV,896400.0,formula_estimate
Audi,Q2,2021,SUV,939600.0,formula_estimate
Audi,Q2,2022,SUV,961200.0,formula_estimate
Audi,Q2,2023,SUV,982800.0,formula_estimate
Audi,Q2,2024,SUV,646824.0,zero_mile_inventory
Audi,Q2,2025,SUV,1026000.0,formula_estimate
Audi,Q3,2015,SUV,810000.0,formula_estimate
Audi,Q3,2018,SUV,874800.0,formula_estimate
Audi,Q3,2020,SUV,934900.0,zero_mile_inventory
Audi,Q3,2022,SUV,961200.0,formula_estimate
Audi,Q3,2023,SUV,982800.0,formula_estimate
Audi,Q3,2024,SUV,1004400.0,formula_estimate
Audi,Q5,2010,Hatchback,594000.0,formula_estimate
Audi,Q5,2010,SUV,702000.0,formula_estimate
Audi,Q5,2010,Sedan,612000.0,formula_estimate
Audi,Q5,2011,Sedan,633600.0,formula_estimate
Audi,Q5,2011,Truck,759600.0,formula_estimate
Audi,Q5,2013,Hatchback,658800.0,formula_estimate
Audi,Q5,2013,SUV,766800.0,formula_estimate
Audi,Q5,2013,Sedan,676800.0,formula_estimate
Audi,Q5,2013,Truck,802800.0,formula_estimate
Audi,Q5,2016,Hatchback,723600.0,formula_estimate
Audi,Q5,2016,Truck,867600.0,formula_estimate
Audi,Q5,2017,Sedan,763200.0,formula_estimate
Audi,Q5,2018,Sedan,784800.0,formula_estimate
Audi,Q5,2019,SUV,896400.0,formula_estimate
Audi,Q5,2020,SUV,918000.0,formula_estimate
Audi,Q5,2021,Hatchback,831600.0,formula_estimate
Audi,Q5,2021,SUV,939600.0,formula_estimate
Audi,Q5,2022,SUV,961200.0,formula_estimate
Audi,Q5,2022,Truck,997200.0,formula_estimate
Audi,Q5,2023,Hatchback,874800.0,formula_estimate
Audi,Q5,2023,SUV,982800.0,formula_estimate
Audi,Q5,2023,Sedan,892800.0,formula_estimate
Audi,Q5,2025,SUV,1488803.0,zero_mile_inventory
Audi,Q6,2025,SUV,1464500.0,zero_mile_inventory
Audi,Q7,2010,Hatchback,594000.0,formula_estimate
Audi,Q7,2010,SUV,702000.0,formula_estimate
Audi,Q7,2013,Hatchback,658800.0,formula_estimate
Audi,Q7,2014,SUV,788400.0,formula_estimate
Audi,Q7,2015,SUV,810000.0,formula_estimate
Audi,Q7,2015,Truck,846000.0,formula_estimate
Audi,Q7,2016,Hatchback,723600.0,formula_estimate
Audi,Q7,2017,SUV,853200.0,formula_estimate
Audi,Q7,2018,SUV,874800.0,formula_estimate
Audi,Q7,2019,SUV,896400.0,formula_estimate
Audi,Q7,2019,Sedan,806400.0,formula_estimate
Audi,Q7,2019,Truck,932400.0,formula_estimate
Audi,Q7,2021,SUV,939600.0,formula_estimate
Audi,Q7,2021,Sedan,849600.0,formula_estimate
Audi,Q7,2022,Hatchback,853200.0,formula_estimate
Audi,Q7,2025,SUV,1640760.0,zero_mile_inventory
Audi,Q8,2019,SUV,896400.0,formula_estimate
Audi,Q8,2020,SUV,918000.0,formula_estimate
Audi,Q8,2021,SUV,939600.0,formula_estimate
Audi,Q8,2022,SUV,961200.0,formula_estimate
Audi,Rs5,2022,SUV,961200.0,formula_estimate
Audi,Rs5,2025,SUV,2122005.0,zero_mile_inventory
Audi,S5,2025,SUV,1443088.0,zero_mile_inventory
Audi,Sq5,2018,Sedan,784800.0,formula_estimate
Audi,Sq5,2019,SUV,896400.0,formula_estimate
Audi,Sq5,2024,SUV,1004400.0,formula_estimate
Audi,Sq6,2025,SUV,2027700.0,zero_mile_inventory
Audi,Tts,2021,SUV,939600.0,formula_estimate
BMW,3 Series,2010,Truck,891000.0,formula_estimate
BMW,3 Series,2011,Hatchback,774000.0,formula_estimate
BMW,3 Series,2011,Truck,918000.0,formula_estimate
BMW,3 Series,2012,Hatchback,801000.0,formula_estimate
BMW,3 Series,2013,Sedan,846000.0,formula_estimate
BMW,3 Series,2015,Sedan,900000.0,formula_estimate
BMW,3 Series,2016,SUV,1017000.0,formula_estimate
BMW,3 Series,2017,Hatchback,936000.0,formula_estimate
BMW,3 Series,2017,SUV,1044000.0,formula_estimate
BMW,3 Series,2018,Sedan,981000.0,formula_estimate
BMW,3 Series,2019,Hatchback,990000.0,formula_estimate
BMW,3 Series,2020,Hatchback,1017000.0,formula_estimate
BMW,3 Series,2021,Hatchback,1044000.0,formula_estimate
BMW,3 Series,2021,Sedan,1062000.0,formula_estimate
BMW,3 Series,2022,Hatchback,1071000.0,formula_estimate
BMW,3 Series,2022,Truck,1215000.0,formula_estimate
BMW,3 Series,2023,Sedan,1116000.0,formula_estimate
BMW,3 Series,2023,Truck,1242000.0,formula_estimate
BMW,5 Series,2011,SUV,882000.0,formula_estimate
BMW,5 Series,2012,Sedan,819000.0,formula_estimate
BMW,5 Series,2013,Sedan,846000.0,formula_estimate
BMW,5 Series,2017,SUV,1044000.0,formula_estimate
BMW,5 Series,2017,Truck,1080000.0,formula_estimate
BMW,5 Series,2018,Hatchback,963000.0,formula_estimate
BMW,5 Series,2019,Hatchback,990000.0,formula_estimate
BMW,5 Series,2019,Truck,1134000.0,formula_estimate
BMW,5 Series,2020,Hatchback,1017000.0,formula_estimate
BMW,5 Series,2021,Hatchback,1044000.0,formula_estimate
BMW,5 Series,2021,SUV,1152000.0,formula_estimate
BMW,5 Series,2022,Hatchback,1071000.0,formula_estimate
BMW,5 Series,2022,Truck,1215000.0,formula_estimate
BMW,I4,2020,Hatchback,1501500.0,zero_mile_inventory
BMW,I4,2024,Hatchback,1765000.0,zero_mile_inventory
BMW,I5,2020,Hatchback,1562600.0,zero_mile_inventory
BMW,I5,2025,Hatchback,1980000.0,zero_mile_inventory
BMW,Ix,2025,Hatchback,1799900.0,zero_mile_inventory
BMW,Ix1,2020,Hatchback,1243000.0,zero_mile_inventory
BMW,M235,2020,Hatchback,1050100.0,zero_mile_inventory
BMW,Serie,2016,SUV,1017000.0,formula_estimate
BMW,Serie,2018,Hatchback,963000.0,formula_estimate
BMW,Serie,2019,Hatchback,990000.0,formula_estimate
BMW,Serie,2020,Hatchback,1474450.0,zero_mile_inventory
BMW,Serie,2021,Sedan,1062000.0,formula_estimate
BMW,Serie,2024,Hatchback,1125000.0,formula_estimate
BMW,Serie,2025,Hatchback,1540000.0,zero_mile_inventory
BMW,X1,2016,Hatchback,909000.0,formula_estimate
BMW,X1,2017,Hatchback,936000.0,formula_estimate
BMW,X1,2018,Hatchback,963000.0,formula_estimate
BMW,X1,2019,Hatchback,990000.0,formula_estimate
BMW,X1,2021,Hatchback,1044000.0,formula_estimate
BMW,X1,2022,Hatchback,1071000.0,formula_estimate
BMW,X1,2024,Hatchback,1125000.0,formula_estimate
BMW,X1,2025,Hatchback,1152000.0,formula_estimate
BMW,X2,2024,Hatchback,1125000.0,formula_estimate
BMW,X3,2011,Hatchback,774000.0,formula_estimate
BMW,X3,2011,SUV,882000.0,formula_estimate
BMW,X3,2012,SUV,909000.0,formula_estimate
BMW,X3,2013,SUV,936000.0,formula_estimate
BMW,X3,2014,Hatchback,855000.0,formula_estimate
BMW,X3,2015,SUV,990000.0,formula_estimate
BMW,X3,2016,SUV,1017000.0,formula_estimate
BMW,X3,2016,Truck,1053000.0,formula_estimate
BMW,X3,2017,SUV,1044000.0,formula_estimate
BMW,X3,2017,Truck,1080000.0,formula_estimate
BMW,X3,2018,Hatchback,963000.0,formula_estimate
BMW,X3,2018,Truck,1107000.0,formula_estimate
BMW,X3,2020,Hatchback,1017000.0,formula_estimate
BMW,X3,2020,Sedan,1035000.0,formula_estimate
BMW,X3,2020,Truck,1161000.0,formula_estimate
BMW,X3,2021,Hatchback,1044000.0,formula_estimate
BMW,X3,2021,SUV,1152000.0,formula_estimate
BMW,X3,2021,Sedan,1062000.0,formula_estimate
BMW,X3,2022,SUV,1179000.0,formula_estimate
BMW,X4,2020,Hatchback,1017000.0,formula_estimate
BMW,X4,2021,Hatchback,1044000.0,formula_estimate
BMW,X4,2022,Hatchback,1071000.0,formula_estimate
BMW,X5,2010,Hatchback,747000.0,formula_estimate
BMW,X5,2010,SUV,855000.0,formula_estimate
BMW,X5,2013,Sedan,846000.0,formula_estimate
BMW,X5,2014,Hatchback,855000.0,formula_estimate
BMW,X5,2014,Sedan,873000.0,formula_estimate
BMW,X5,2015,Hatchback,882000.0,formula_estimate
BMW,X5,2016,Hatchback,909000.0,formula_estimate
BMW,X5,2016,SUV,1017000.0,formula_estimate
BMW,X5,2017,Sedan,954000.0,formula_estimate
BMW,X5,2018,Hatchback,963000.0,formula_estimate
BMW,X5,2018,Truck,1107000.0,formula_estimate
BMW,X5,2020,Truck,1161000.0,formula_estimate
BMW,X5,2021,SUV,1152000.0,formula_estimate
BMW,X5,2022,Hatchback,1071000.0,formula_estimate
BMW,X5,2022,Truck,1215000.0,formula_estimate
BMW,X5,2023,Sedan,1116000.0,formula_estimate
BMW,X5,2025,Hatchback,2107000.0,zero_mile_inventory
BMW,X6,2012,Hatchback,801000.0,formula_estimate
BMW,X6,2019,Hatchback,990000.0,formula_estimate
BMW,X6,2020,Hatchback,2122000.0,zero_mile_inventory
BMW,X6,2022,Hatchback,1071000.0,formula_estimate
BMW,X6,2023,Hatchback,1098000.0,formula_estimate
BMW,X7,2019,Hatchback,990000.0,formula_estimate
BMW,X7,2020,Hatchback,2787000.0,zero_mile_inventory
Cadillac,Escalade,2023,Sedan,1071360.0,formula_estimate
Cadillac,Xt5,2025,Sedan,1341100.0,zero_mile_inventory
Chevrolet,Avalanche,2008,Hatchback,351720.0,formula_estimate
Chevrolet,Aveo,2020,Hatchback,520200.0,formula_estimate
Chevrolet,Aveo,2022,Hatchback,548280.0,formula_estimate
Chevrolet,Aveo,2023,Hatchback,562320.0,formula_estimate
Chevrolet,Aveo,2024,Hatchback,576360.0,formula_estimate
Chevrolet,Aveo,2025,Hatchback,376400.0,zero_mile_inventory
Chevrolet,Beat,2021,Hatchback,534240.0,formula_estimate
Chevrolet,Bolt,2020,Hatchback,520200.0,formula_estimate
Chevrolet,Captiva,2010,SUV,487800.0,formula_estimate
Chevrolet,Captiva,2015,SUV,558000.0,formula_estimate
Chevrolet,Captiva,2020,Hatchback,514150.0,zero_mile_inventory
Chevrolet,Captiva,2022,SUV,656280.0,formula_estimate
Chevrolet,Captiva,2023,Truck,706320.0,formula_estimate
Chevrolet,Captiva,2024,Hatchback,576360.0,formula_estimate
Chevrolet,Captiva,2025,Hatchback,494900.0,zero_mile_inventory
Chevrolet,Cavalier,2019,Hatchback,506160.0,formula_estimate
Chevrolet,Cavalier,2022,Hatchback,548280.0,formula_estimate
Chevrolet,Cavalier,2023,Hatchback,562320.0,formula_estimate
Chevrolet,Colorado,2021,Hatchback,534240.0,formula_estimate
Chevrolet,Cruze,2014,Hatchback,435960.0,formula_estimate
Chevrolet,Cruze,2018,Hatchback,492120.0,formula_estimate
Chevrolet,Equinox,2010,SUV,487800.0,formula_estimate
Chevrolet,Equinox,2010,Truck,523800.0,formula_estimate
Chevrolet,Equinox,2012,Sedan,425880.0,formula_estimate
Chevrolet,Equinox,2014,Sedan,453960.0,formula_estimate
Chevrolet,Equinox,2016,Hatchback,464040.0,formula_estimate
Chevrolet,Equinox,2016,Truck,608040.0,formula_estimate
Chevrolet,Equinox,2017,Hatchback,478080.0,formula_estimate
Chevrolet,Equinox,2018,Hatchback,492120.0,formula_estimate
Chevrolet,Equinox,2018,SUV,600120.0,formula_estimate
Chevrolet,Equinox,2018,Truck,636120.0,formula_estimate
Chevrolet,Equinox,2020,Hatchback,520200.0,formula_estimate
Chevrolet,Equinox,2021,Hatchback,534240.0,formula_estimate
Chevrolet,Equinox,2022,Truck,692280.0,formula_estimate
Chevrolet,Equinox,2023,Hatchback,562320.0,formula_estimate
Chevrolet,Express,2014,Truck,579960.0,formula_estimate
Chevrolet,Groove,2020,Hatchback,391950.0,zero_mile_inventory
Chevrolet,Groove,2022,Hatchback,548280.0,formula_estimate
Chevrolet,Groove,2023,Hatchback,562320.0,formula_estimate
Chevrolet,Groove,2024,Hatchback,576360.0,formula_estimate
Chevrolet,Groove,2025,Hatchback,475900.0,zero_mile_inventory
Chevrolet,Malibu,2010,SUV,487800.0,formula_estimate
Chevrolet,Malibu,2012,Sedan,425880.0,formula_estimate
Chevrolet,Malibu,2013,Hatchback,421920.0,formula_estimate
Chevrolet,Malibu,2014,Hatchback,435960.0,formula_estimate
Chevrolet,Malibu,2015,Hatchback,450000.0,formula_estimate
Chevrolet,Malibu,2015,SUV,558000.0,formula_estimate
Chevrolet,Malibu,2016,Hatchback,464040.0,formula_estimate
Chevrolet,Malibu,2016,Truck,608040.0,formula_estimate
Chevrolet,Malibu,2017,SUV,586080.0,formula_estimate
Chevrolet,Malibu,2017,Sedan,496080.0,formula_estimate
Chevrolet,Malibu,2017,Truck,622080.0,formula_estimate
Chevrolet,Malibu,2018,Truck,636120.0,formula_estimate
Chevrolet,Malibu,2019,Hatchback,506160.0,formula_estimate
Chevrolet,Malibu,2020,SUV,628200.0,formula_estimate
Chevrolet,Malibu,2020,Truck,664200.0,formula_estimate
Chevrolet,Malibu,2021,Hatchback,534240.0,formula_estimate
Chevrolet,Malibu,2022,Truck,692280.0,formula_estimate
Chevrolet,Malibu,2023,Hatchback,562320.0,formula_estimate
Chevrolet,Onix,2020,Hatchback,263100.0,zero_mile_inventory
Chevrolet,Onix,2021,Hatchback,534240.0,formula_estimate
Chevrolet,Onix,2022,Hatchback,548280.0,formula_estimate
Chevrolet,Onix,2023,Hatchback,562320.0,formula_estimate
Chevrolet,S,2020,Hatchback,393500.0,zero_mile_inventory
Chevrolet,S,2025,Hatchback,590400.0,formula_estimate
Chevrolet,Silverado,2014,Hatchback,435960.0,formula_estimate
Chevrolet,Silverado,2014,Sedan,453960.0,formula_estimate
Chevrolet,Silverado,2015,Hatchback,450000.0,formula_estimate
Chevrolet,Silverado,2016,Hatchback,464040.0,formula_estimate
Chevrolet,Silverado,2016,SUV,572040.0,formula_estimate
Chevrolet,Silverado,2016,Sedan,482040.0,formula_estimate
Chevrolet,Silverado,2018,Hatchback,492120.0,formula_estimate
Chevrolet,Silverado,2018,SUV,600120.0,formula_estimate
Chevrolet,Silverado,2020,Hatchback,520200.0,formula_estimate
Chevrolet,Silverado,2020,Truck,664200.0,formula_estimate
Chevrolet,Silverado,2021,Hatchback,534240.0,formula_estimate
Chevrolet,Silverado,2022,Hatchback,548280.0,formula_estimate
Chevrolet,Silverado,2022,Sedan,566280.0,formula_estimate
Chevrolet,Silverado,2023,Hatchback,562320.0,formula_estimate
Chevrolet,Sonic,2017,Hatchback,478080.0,formula_estimate
Chevrolet,Suburban,2019,Hatchback,506160.0,formula_estimate
Chevrolet,Suburban,2021,Hatchback,534240.0,formula_estimate
Chevrolet,Suburban,2022,Hatchback,548280.0,formula_estimate
Chevrolet,Suburban,2023,Hatchback,562320.0,formula_estimate
Chevrolet,Suburban,2024,Hatchback,1795000.0,zero_mile_inventory
Chevrolet,Suburban,2025,Hatchback,2055000.0,zero_mile_inventory
Chevrolet,Tahoe,2010,SUV,487800.0,formula_estimate
Chevrolet,Tahoe,2010,Sedan,397800.0,formula_estimate
Chevrolet,Tahoe,2010,Truck,523800.0,formula_estimate
Chevrolet,Tahoe,2011,SUV,501840.0,formula_estimate
Chevrolet,Tahoe,2011,Truck,537840.0,formula_estimate
Chevrolet,Tahoe,2012,SUV,515880.0,formula_estimate
Chevrolet,Tahoe,2012,Sedan,425880.0,formula_estimate
Chevrolet,Tahoe,2013,Sedan,439920.0,formula_estimate
Chevrolet,Tahoe,2015,Truck,594000.0,formula_estimate
Chevrolet,Tahoe,2016,Truck,608040.0,formula_estimate
Chevrolet,Tahoe,2017,Truck,622080.0,formula_estimate
Chevrolet,Tahoe,2018,SUV,600120.0,formula_estimate
Chevrolet,Tahoe,2018,Sedan,510120.0,formula_estimate
Chevrolet,Tahoe,2019,Truck,650160.0,formula_estimate
Chevrolet,Tahoe,2020,Sedan,538200.0,formula_estimate
Chevrolet,Tahoe,2022,Truck,692280.0,formula_estimate
Chevrolet,Tahoe,2023,SUV,670320.0,formula_estimate
Chevrolet,Tahoe,2023,Truck,706320.0,formula_estimate
Chevrolet,Tahoe,2025,Truck,1854950.0,zero_mile_inventory
Chevrolet,Tornado,2023,Hatchback,562320.0,formula_estimate
Chevrolet,Tracker,2021,Hatchback,534240.0,formula_estimate
Chevrolet,Tracker,2023,Hatchback,562320.0,formula_estimate
Chevrolet,Traverse,2014,Hatchback,435960.0,formula_estimate
Chevrolet,Traverse,2017,Hatchback,478080.0,formula_estimate
Chevrolet,Traverse,2018,Hatchback,492120.0,formula_estimate
Chevrolet,Traverse,2019,Hatchback,506160.0,formula_estimate
Chevrolet,Traverse,2020,Hatchback,520200.0,formula_estimate
Chevrolet,Traverse,2021,Hatchback,534240.0,formula_estimate
Chevrolet,Traverse,2024,Hatchback,576360.0,formula_estimate
Chevrolet,Traverse,2025,Hatchback,1047900.0,zero_mile_inventory
Chevrolet,Trax,2020,Hatchback,571900.0,zero_mile_inventory
Chevrolet,Volt,2017,Hatchback,478080.0,formula_estimate
Chrysler,Pacifica,2022,Truck,779400.0,formula_estimate
Dodge,Attitude,2020,Hatchback,510900.0,zero_mile_inventory
Dodge,Attitude,2023,Hatchback,606960.0,formula_estimate
Dodge,Attitude,2025,Hatchback,499900.0,zero_mile_inventory
Dodge,Durango,2025,Hatchback,1245400.0,zero_mile_inventory
Dodge,Journey,2016,Hatchback,501120.0,formula_estimate
Dodge,Journey,2017,Hatchback,516240.0,formula_estimate
Dodge,Journey,2022,Hatchback,591840.0,formula_estimate
Dodge,Journey,2023,Hatchback,606960.0,formula_estimate
Dodge,Journey,2025,Hatchback,637200.0,formula_estimate
Dodge,Ram,2012,Hatchback,440640.0,formula_estimate
Ford,Bronco,2020,Sedan,909500.0,zero_mile_inventory
Ford,Bronco,2021,Sedan,594720.0,formula_estimate
Ford,Bronco,2022,Sedan,609840.0,formula_estimate
Ford,Bronco,2023,Sedan,624960.0,formula_estimate
Ford,Bronco,2024,Sedan,640080.0,formula_estimate
Ford,Bronco,2025,Sedan,897100.0,zero_mile_inventory
Ford,Edge,2014,Sedan,488880.0,formula_estimate
Ford,Edge,2015,Sedan,504000.0,formula_estimate
Ford,Edge,2017,Sedan,534240.0,formula_estimate
Ford,Edge,2019,Sedan,564480.0,formula_estimate
Ford,Edge,2021,Sedan,594720.0,formula_estimate
Ford,Edge,2022,Sedan,609840.0,formula_estimate
Ford,Escape,2011,Sedan,443520.0,formula_estimate
Ford,Escape,2011,Truck,569520.0,formula_estimate
Ford,Escape,2012,SUV,548640.0,formula_estimate
Ford,Escape,2013,Sedan,473760.0,formula_estimate
Ford,Escape,2014,SUV,578880.0,formula_estimate
Ford,Escape,2016,Hatchback,501120.0,formula_estimate
Ford,Escape,2016,Sedan,519120.0,formula_estimate
Ford,Escape,2016,Truck,645120.0,formula_estimate
Ford,Escape,2017,Hatchback,516240.0,formula_estimate
Ford,Escape,2017,Truck,660240.0,formula_estimate
Ford,Escape,2018,Hatchback,531360.0,formula_estimate
Ford,Escape,2018,SUV,639360.0,formula_estimate
Ford,Escape,2018,Truck,675360.0,formula_estimate
Ford,Escape,2019,Sedan,564480.0,formula_estimate
Ford,Escape,2020,Sedan,579600.0,formula_estimate
Ford,Escape,2021,SUV,684720.0,formula_estimate
Ford,Escape,2022,Sedan,609840.0,formula_estimate
Ford,Escape,2023,Sedan,624960.0,formula_estimate
Ford,Escape,2025,Sedan,810550.0,zero_mile_inventory
Ford,Expedition,2012,Sedan,458640.0,formula_estimate
Ford,Expedition,2018,Sedan,549360.0,formula_estimate
Ford,Expedition,2024,Sedan,1350000.0,zero_mile_inventory
Ford,Expedition,2025,Sedan,1904900.0,zero_mile_inventory
Ford,Explorer,2010,Sedan,428400.0,formula_estimate
Ford,Explorer,2010,Truck,554400.0,formula_estimate
Ford,Explorer,2012,Truck,584640.0,formula_estimate
Ford,Explorer,2013,Hatchback,455760.0,formula_estimate
Ford,Explorer,2013,Truck,599760.0,formula_estimate
Ford,Explorer,2014,Sedan,488880.0,formula_estimate
Ford,Explorer,2014,Truck,614880.0,formula_estimate
Ford,Explorer,2015,SUV,594000.0,formula_estimate
Ford,Explorer,2016,SUV,609120.0,formula_estimate
Ford,Explorer,2016,Sedan,519120.0,formula_estimate
Ford,Explorer,2017,SUV,624240.0,formula_estimate
Ford,Explorer,2017,Sedan,534240.0,formula_estimate
Ford,Explorer,2020,Hatchback,561600.0,formula_estimate
Ford,Explorer,2020,Truck,705600.0,formula_estimate
Ford,Explorer,2021,Truck,720720.0,formula_estimate
Ford,Explorer,2022,Hatchback,591840.0,formula_estimate
Ford,Explorer,2022,SUV,699840.0,formula_estimate
Ford,Explorer,2022,Truck,735840.0,formula_estimate
Ford,Explorer,2023,Truck,750960.0,formula_estimate
Ford,Explorer,2024,Truck,1430000.0,zero_mile_inventory
Ford,Explorer,2025,Truck,1399100.0,zero_mile_inventory
Ford,F,2016,Sedan,519120.0,formula_estimate
Ford,F,2020,Sedan,1098600.0,zero_mile_inventory
Ford,F,2025,Sedan,1117100.0,zero_mile_inventory
Ford,F-150,2010,Hatchback,410400.0,formula_estimate
Ford,F-150,2010,SUV,518400.0,formula_estimate
Ford,F-150,2012,Sedan,458640.0,formula_estimate
Ford,F-150,2013,Sedan,473760.0,formula_estimate
Ford,F-150,2014,Hatchback,470880.0,formula_estimate
Ford,F-150,2014,SUV,578880.0,formula_estimate
Ford,F-150,2015,Hatchback,486000.0,formula_estimate
Ford,F-150,2015,Sedan,504000.0,formula_estimate
Ford,F-150,2016,SUV,609120.0,formula_estimate
Ford,F-150,2016,Sedan,519120.0,formula_estimate
Ford,F-150,2017,Truck,660240.0,formula_estimate
Ford,F-150,2018,Hatchback,531360.0,formula_estimate
Ford,F-150,2018,Sedan,549360.0,formula_estimate
Ford,F-150,2018,Truck,675360.0,formula_estimate
Ford,F-150,2021,Sedan,594720.0,formula_estimate
Ford,F-150,2022,Hatchback,591840.0,formula_estimate
Ford,F-150,2022,SUV,699840.0,formula_estimate
Ford,F-150,2023,Sedan,624960.0,formula_estimate
Ford,F-150,2023,Truck,750960.0,formula_estimate
Ford,Figo,2017,Sedan,534240.0,formula_estimate
Ford,Figo,2018,Sedan,549360.0,formula_estimate
Ford,Figo,2019,Sedan,564480.0,formula_estimate
Ford,Focus,2014,Sedan,488880.0,formula_estimate
Ford,Freestar,2006,Sedan,367920.0,formula_estimate
Ford,Maverick,2020,Sedan,857700.0,zero_mile_inventory
Ford,Maverick,2022,Sedan,609840.0,formula_estimate
Ford,Maverick,2023,Sedan,624960.0,formula_estimate
Ford,Mustang,2010,Sedan,428400.0,formula_estimate
Ford,Mustang,2011,Hatchback,425520.0,formula_estimate
Ford,Mustang,2012,Hatchback,440640.0,formula_estimate
Ford,Mustang,2012,SUV,548640.0,formula_estimate
Ford,Mustang,2013,Hatchback,455760.0,formula_estimate
Ford,Mustang,2014,Sedan,488880.0,formula_estimate
Ford,Mustang,2015,SUV,594000.0,formula_estimate
Ford,Mustang,2016,Sedan,519120.0,formula_estimate
Ford,Mustang,2017,Sedan,534240.0,formula_estimate
Ford,Mustang,2018,SUV,639360.0,formula_estimate
Ford,Mustang,2018,Sedan,549360.0,formula_estimate
Ford,Mustang,2020,Hatchback,561600.0,formula_estimate
Ford,Mustang,2020,Truck,705600.0,formula_estimate
Ford,Mustang,2023,Hatchback,606960.0,formula_estimate
Ford,Ranger,2020,Sedan,973500.0,zero_mile_inventory
Ford,Ranger,2024,Sedan,971700.0,zero_mile_inventory
Ford,Territory,2020,Sedan,639900.0,zero_mile_inventory
Ford,Transit,2018,Sedan,549360.0,formula_estimate
Ford,Transit,2020,Sedan,1089600.0,zero_mile_inventory
Ford,Transit,2021,Sedan,594720.0,formula_estimate
Ford,Transit,2024,Sedan,1250000.0,zero_mile_inventory
Honda,Accord,2011,Hatchback,393840.0,formula_estimate
Honda,Accord,2012,SUV,515880.0,formula_estimate
Honda,Accord,2012,Sedan,425880.0,formula_estimate
Honda,Accord,2013,SUV,529920.0,formula_estimate
Honda,Accord,2013,Sedan,439920.0,formula_estimate
Honda,Accord,2014,Hatchback,435960.0,formula_estimate
Honda,Accord,2014,SUV,543960.0,formula_estimate
Honda,Accord,2015,Sedan,468000.0,formula_estimate
Honda,Accord,2016,Hatchback,464040.0,formula_estimate
Honda,Accord,2016,SUV,572040.0,formula_estimate
Honda,Accord,2017,Hatchback,478080.0,formula_estimate
Honda,Accord,2017,SUV,586080.0,formula_estimate
Honda,Accord,2017,Sedan,496080.0,formula_estimate
Honda,Accord,2018,Sedan,510120.0,formula_estimate
Honda,Accord,2020,Hatchback,520200.0,formula_estimate
Honda,Accord,2020,Sedan,538200.0,formula_estimate
Honda,Accord,2021,SUV,642240.0,formula_estimate
Honda,Accord,2021,Truck,678240.0,formula_estimate
Honda,Accord,2022,Hatchback,548280.0,formula_estimate
Honda,Accord,2022,SUV,656280.0,formula_estimate
Honda,Accord,2023,Truck,706320.0,formula_estimate
Honda,Br,2019,Truck,650160.0,formula_estimate
Honda,CR-V,2012,Sedan,425880.0,formula_estimate
Honda,CR-V,2012,Truck,551880.0,formula_estimate
Honda,CR-V,2013,Sedan,439920.0,formula_estimate
Honda,CR-V,2014,Truck,579960.0,formula_estimate
Honda,CR-V,2015,Sedan,468000.0,formula_estimate
Honda,CR-V,2015,Truck,594000.0,formula_estimate
Honda,CR-V,2016,Hatchback,464040.0,formula_estimate
Honda,CR-V,2016,Truck,608040.0,formula_estimate
Honda,CR-V,2017,Hatchback,478080.0,formula_estimate
Honda,CR-V,2018,SUV,600120.0,formula_estimate
Honda,CR-V,2019,SUV,614160.0,formula_estimate
Honda,CR-V,2020,Hatchback,520200.0,formula_estimate
Honda,CR-V,2021,Hatchback,534240.0,formula_estimate
Honda,CR-V,2021,Truck,678240.0,formula_estimate
Honda,CR-V,2022,Hatchback,548280.0,formula_estimate
Honda,CR-V,2022,Truck,692280.0,formula_estimate
Honda,CR-V,2023,Sedan,580320.0,formula_estimate
Honda,CR-V,2023,Truck,706320.0,formula_estimate
Honda,City,2016,Truck,608040.0,formula_estimate
Honda,City,2021,Truck,678240.0,formula_estimate
Honda,Civic,2010,Truck,523800.0,formula_estimate
Honda,Civic,2013,SUV,529920.0,formula_estimate
Honda,Civic,2014,Truck,579960.0,formula_estimate
Honda,Civic,2015,Hatchback,450000.0,formula_estimate
Honda,Civic,2016,Hatchback,464040.0,formula_estimate
Honda,Civic,2016,Sedan,482040.0,formula_estimate
Honda,Civic,2016,Truck,608040.0,formula_estimate
Honda,Civic,2018,Sedan,510120.0,formula_estimate
Honda,Civic,2018,Truck,636120.0,formula_estimate
Honda,Civic,2019,Hatchback,506160.0,formula_estimate
Honda,Civic,2019,Sedan,524160.0,formula_estimate
Honda,Civic,2020,SUV,628200.0,formula_estimate
Honda,Civic,2021,SUV,642240.0,formula_estimate
Honda,Civic,2021,Sedan,552240.0,formula_estimate
Honda,Civic,2021,Truck,678240.0,formula_estimate
Honda,Civic,2022,Truck,692280.0,formula_estimate
Honda,Civic,2023,Hatchback,562320.0,formula_estimate
Honda,Civic,2023,SUV,670320.0,formula_estimate
Honda,Civic,2023,Truck,706320.0,formula_estimate
Honda,Cr,2016,Hatchback,464040.0,formula_estimate
Honda,Cr,2019,SUV,614160.0,formula_estimate
Honda,Cr,2025,Truck,734400.0,formula_estimate
Honda,Hr,2019,Truck,650160.0,formula_estimate
Honda,Insight,2022,Truck,692280.0,formula_estimate
Honda,Pilot,2010,SUV,487800.0,formula_estimate
Honda,Pilot,2010,Sedan,397800.0,formula_estimate
Honda,Pilot,2011,SUV,501840.0,formula_estimate
Honda,Pilot,2011,Truck,537840.0,formula_estimate
Honda,Pilot,2012,Truck,551880.0,formula_estimate
Honda,Pilot,2013,Truck,565920.0,formula_estimate
Honda,Pilot,2016,SUV,572040.0,formula_estimate
Honda,Pilot,2016,Sedan,482040.0,formula_estimate
Honda,Pilot,2016,Truck,608040.0,formula_estimate
Honda,Pilot,2017,Sedan,496080.0,formula_estimate
Honda,Pilot,2018,Hatchback,492120.0,formula_estimate
Honda,Pilot,2020,Sedan,538200.0,formula_estimate
Hyundai,Accent,2020,Hatchback,478800.0,formula_estimate
Hyundai,Accent,2021,Hatchback,491760.0,formula_estimate
Hyundai,Accent,2022,Hatchback,504720.0,formula_estimate
Hyundai,Creta,2024,Hatchback,530640.0,formula_estimate
Hyundai,Elantra,2010,Truck,493200.0,formula_estimate
Hyundai,Elantra,2011,Hatchback,362160.0,formula_estimate
Hyundai,Elantra,2011,SUV,470160.0,formula_estimate
Hyundai,Elantra,2011,Sedan,380160.0,formula_estimate
Hyundai,Elantra,2012,SUV,483120.0,formula_estimate
Hyundai,Elantra,2013,Sedan,406080.0,formula_estimate
Hyundai,Elantra,2014,Hatchback,401040.0,formula_estimate
Hyundai,Elantra,2014,Sedan,419040.0,formula_estimate
Hyundai,Elantra,2016,Hatchback,426960.0,formula_estimate
Hyundai,Elantra,2016,SUV,534960.0,formula_estimate
Hyundai,Elantra,2017,Hatchback,439920.0,formula_estimate
Hyundai,Elantra,2017,SUV,547920.0,formula_estimate
Hyundai,Elantra,2018,Sedan,470880.0,formula_estimate
Hyundai,Elantra,2019,Truck,609840.0,formula_estimate
Hyundai,Elantra,2021,Hatchback,491760.0,formula_estimate
Hyundai,Elantra,2022,Sedan,522720.0,formula_estimate
Hyundai,Elantra,2023,SUV,625680.0,formula_estimate
Hyundai,Elantra,2023,Sedan,535680.0,formula_estimate
Hyundai,Grand,2020,Hatchback,289700.0,zero_mile_inventory
Hyundai,Hb20,2025,Hatchback,543600.0,formula_estimate
Hyundai,Palisade,2023,Hatchback,517680.0,formula_estimate
Hyundai,Santa Fe,2010,Hatchback,349200.0,formula_estimate
Hyundai,Santa Fe,2010,SUV,457200.0,formula_estimate
Hyundai,Santa Fe,2010,Sedan,367200.0,formula_estimate
Hyundai,Santa Fe,2011,SUV,470160.0,formula_estimate
Hyundai,Santa Fe,2011,Sedan,380160.0,formula_estimate
Hyundai,Santa Fe,2012,Hatchback,375120.0,formula_estimate
Hyundai,Santa Fe,2012,Truck,519120.0,formula_estimate
Hyundai,Santa Fe,2013,Sedan,406080.0,formula_estimate
Hyundai,Santa Fe,2015,Hatchback,414000.0,formula_estimate
Hyundai,Santa Fe,2015,Truck,558000.0,formula_estimate
Hyundai,Santa Fe,2016,SUV,534960.0,formula_estimate
Hyundai,Santa Fe,2016,Sedan,444960.0,formula_estimate
Hyundai,Santa Fe,2016,Truck,570960.0,formula_estimate
Hyundai,Santa Fe,2017,Hatchback,439920.0,formula_estimate
Hyundai,Santa Fe,2017,SUV,547920.0,formula_estimate
Hyundai,Santa Fe,2017,Sedan,457920.0,formula_estimate
Hyundai,Santa Fe,2018,Hatchback,452880.0,formula_estimate
Hyundai,Santa Fe,2018,Truck,596880.0,formula_estimate
Hyundai,Santa Fe,2019,SUV,573840.0,formula_estimate
Hyundai,Santa Fe,2021,Hatchback,491760.0,formula_estimate
Hyundai,Santa Fe,2021,Truck,635760.0,formula_estimate
Hyundai,Santa Fe,2022,Hatchback,504720.0,formula_estimate
Hyundai,Santa Fe,2022,Truck,648720.0,formula_estimate
Hyundai,Santa Fe,2023,Hatchback,517680.0,formula_estimate
Hyundai,Santa Fe,2023,Sedan,535680.0,formula_estimate
Hyundai,Sonata,2010,SUV,457200.0,formula_estimate
Hyundai,Sonata,2011,Truck,506160.0,formula_estimate
Hyundai,Sonata,2013,Hatchback,388080.0,formula_estimate
Hyundai,Sonata,2014,Sedan,419040.0,formula_estimate
Hyundai,Sonata,2015,Hatchback,414000.0,formula_estimate
Hyundai,Sonata,2015,Truck,558000.0,formula_estimate
Hyundai,Sonata,2016,Truck,570960.0,formula_estimate
Hyundai,Sonata,2017,SUV,547920.0,formula_estimate
Hyundai,Sonata,2018,Hatchback,452880.0,formula_estimate
Hyundai,Sonata,2018,SUV,560880.0,formula_estimate
Hyundai,Sonata,2019,Hatchback,465840.0,formula_estimate
Hyundai,Sonata,2019,Sedan,483840.0,formula_estimate
Hyundai,Sonata,2020,SUV,586800.0,formula_estimate
Hyundai,Sonata,2021,SUV,599760.0,formula_estimate
Hyundai,Sonata,2021,Truck,635760.0,formula_estimate
Hyundai,Sonata,2022,Sedan,522720.0,formula_estimate
Hyundai,Sonata,2022,Truck,648720.0,formula_estimate
Hyundai,Sonata,2023,Hatchback,517680.0,formula_estimate
Hyundai,Starex,2019,Hatchback,465840.0,formula_estimate
Hyundai,Tucson,2010,Hatchback,349200.0,formula_estimate
Hyundai,Tucson,2010,SUV,457200.0,formula_estimate
Hyundai,Tucson,2011,Truck,506160.0,formula_estimate
Hyundai,Tucson,2013,Sedan,406080.0,formula_estimate
Hyundai,Tucson,2014,Sedan,419040.0,formula_estimate
Hyundai,Tucson,2015,SUV,522000.0,formula_estimate
Hyundai,Tucson,2016,Sedan,444960.0,formula_estimate
Hyundai,Tucson,2017,Hatchback,439920.0,formula_estimate
Hyundai,Tucson,2017,SUV,547920.0,formula_estimate
Hyundai,Tucson,2018,SUV,560880.0,formula_estimate
Hyundai,Tucson,2018,Sedan,470880.0,formula_estimate
Hyundai,Tucson,2019,Sedan,483840.0,formula_estimate
Hyundai,Tucson,2020,Sedan,496800.0,formula_estimate
Hyundai,Tucson,2021,SUV,599760.0,formula_estimate
Hyundai,Tucson,2021,Truck,635760.0,formula_estimate
Hyundai,Tucson,2022,SUV,612720.0,formula_estimate
Hyundai,Tucson,2023,Truck,661680.0,formula_estimate
Hyundai,Tucson,2024,SUV,638640.0,formula_estimate
Infiniti,Q70,2016,Hatchback,760680.0,formula_estimate
Infiniti,Qx50,2020,Truck,995400.0,formula_estimate
Infiniti,Qx50,2021,Hatchback,874080.0,formula_estimate
Infiniti,Qx60,2016,Hatchback,760680.0,formula_estimate
Infiniti,Qx60,2021,Hatchback,874080.0,formula_estimate
Infiniti,Qx80,2025,Hatchback,2229000.0,zero_mile_inventory
Jeep,Cherokee,2014,Hatchback,540720.0,formula_estimate
Jeep,Cherokee,2018,Hatchback,609840.0,formula_estimate
Jeep,Cherokee,2019,Hatchback,627120.0,formula_estimate
Jeep,Cherokee,2020,Hatchback,899900.0,zero_mile_inventory
Jeep,Cherokee,2025,Hatchback,959456.0,zero_mile_inventory
Jeep,Commander,2025,Hatchback,751900.0,zero_mile_inventory
Jeep,Compass,2020,Hatchback,768900.0,zero_mile_inventory
Jeep,Compass,2022,Hatchback,678960.0,formula_estimate
Jeep,Compass,2023,Hatchback,696240.0,formula_estimate
Jeep,Compass,2024,Hatchback,615900.0,zero_mile_inventory
Jeep,Compass,2025,Hatchback,647900.0,zero_mile_inventory
Jeep,Gladiator,2021,Hatchback,661680.0,formula_estimate
Jeep,Gladiator,2023,Hatchback,696240.0,formula_estimate
Jeep,Grand,2017,Hatchback,592560.0,formula_estimate
Jeep,Grand,2019,Hatchback,627120.0,formula_estimate
Jeep,Grand,2022,Hatchback,678960.0,formula_estimate
Jeep,Grand,2023,Hatchback,696240.0,formula_estimate
Jeep,Grand,2024,Hatchback,1260900.0,zero_mile_inventory
Jeep,Grand,2025,Hatchback,1475400.0,zero_mile_inventory
Jeep,Jt,2025,Hatchback,1472400.0,zero_mile_inventory
Jeep,Renegade,2020,Hatchback,546900.0,zero_mile_inventory
Jeep,Renegade,2024,Hatchback,713520.0,formula_estimate
Jeep,Renegade,2025,Hatchback,492650.0,zero_mile_inventory
Jeep,Wagoneer,2020,Hatchback,2150900.0,zero_mile_inventory
Jeep,Wagoneer,2025,Hatchback,1886900.0,zero_mile_inventory
Jeep,Wrangler,2025,Hatchback,1455900.0,zero_mile_inventory
Kia,Forte,2010,Truck,508500.0,formula_estimate
Kia,Forte,2012,Truck,535500.0,formula_estimate
Kia,Forte,2014,SUV,526500.0,formula_estimate
Kia,Forte,2017,Hatchback,459000.0,formula_estimate
Kia,Forte,2018,Sedan,490500.0,formula_estimate
Kia,Forte,2019,Sedan,504000.0,formula_estimate
Kia,Forte,2020,SUV,607500.0,formula_estimate
Kia,Forte,2020,Truck,643500.0,formula_estimate
Kia,Forte,2021,Hatchback,513000.0,formula_estimate
Kia,Forte,2021,SUV,621000.0,formula_estimate
Kia,Forte,2021,Sedan,531000.0,formula_estimate
Kia,Forte,2021,Truck,657000.0,formula_estimate
Kia,Forte,2022,Sedan,544500.0,formula_estimate
Kia,Forte,2023,Hatchback,540000.0,formula_estimate
Kia,K3,2024,Hatchback,553500.0,formula_estimate
Kia,Niro,2019,Hatchback,486000.0,formula_estimate
Kia,Niro,2020,Hatchback,499500.0,formula_estimate
Kia,Niro,2022,Hatchback,526500.0,formula_estimate
Kia,Niro,2024,Hatchback,553500.0,formula_estimate
Kia,Niro,2025,Hatchback,727900.0,zero_mile_inventory
Kia,Optima,2010,SUV,472500.0,formula_estimate
Kia,Optima,2011,SUV,486000.0,formula_estimate
Kia,Optima,2011,Sedan,396000.0,formula_estimate
Kia,Optima,2012,Sedan,409500.0,formula_estimate
Kia,Optima,2013,Sedan,423000.0,formula_estimate
Kia,Optima,2013,Truck,549000.0,formula_estimate
Kia,Optima,2014,Hatchback,418500.0,formula_estimate
Kia,Optima,2014,SUV,526500.0,formula_estimate
Kia,Optima,2014,Truck,562500.0,formula_estimate
Kia,Optima,2016,Truck,589500.0,formula_estimate
Kia,Optima,2017,Hatchback,459000.0,formula_estimate
Kia,Optima,2017,Truck,603000.0,formula_estimate
Kia,Optima,2018,Sedan,490500.0,formula_estimate
Kia,Optima,2019,SUV,594000.0,formula_estimate
Kia,Optima,2020,Hatchback,499500.0,formula_estimate
Kia,Optima,2021,SUV,621000.0,formula_estimate
Kia,Optima,2022,SUV,634500.0,formula_estimate
Kia,Optima,2022,Truck,670500.0,formula_estimate
Kia,Optima,2023,Truck,684000.0,formula_estimate
Kia,Rio,2021,Hatchback,513000.0,formula_estimate
Kia,Sedona,2020,Truck,643500.0,formula_estimate
Kia,Seltos,2021,Hatchback,513000.0,formula_estimate
Kia,Seltos,2022,Hatchback,526500.0,formula_estimate
Kia,Seltos,2025,Hatchback,567000.0,formula_estimate
Kia,Sonet,2020,SUV,425200.0,zero_mile_inventory
Kia,Sorento,2010,Hatchback,364500.0,formula_estimate
Kia,Sorento,2010,Truck,508500.0,formula_estimate
Kia,Sorento,2011,SUV,486000.0,formula_estimate
Kia,Sorento,2013,Hatchback,405000.0,formula_estimate
Kia,Sorento,2013,SUV,513000.0,formula_estimate
Kia,Sorento,2015,Sedan,450000.0,formula_estimate
Kia,Sorento,2015,Truck,576000.0,formula_estimate
Kia,Sorento,2016,Hatchback,445500.0,formula_estimate
Kia,Sorento,2016,Truck,589500.0,formula_estimate
Kia,Sorento,2017,Hatchback,459000.0,formula_estimate
Kia,Sorento,2017,Sedan,477000.0,formula_estimate
Kia,Sorento,2017,Truck,603000.0,formula_estimate
Kia,Sorento,2018,Hatchback,472500.0,formula_estimate
Kia,Sorento,2019,Sedan,504000.0,formula_estimate
Kia,Sorento,2019,Truck,630000.0,formula_estimate
Kia,Sorento,2020,Sedan,517500.0,formula_estimate
Kia,Sorento,2021,Truck,657000.0,formula_estimate
Kia,Sorento,2022,Hatchback,526500.0,formula_estimate
Kia,Sorento,2023,Hatchback,540000.0,formula_estimate
Kia,Soul,2018,Hatchback,472500.0,formula_estimate
Kia,Soul,2019,Hatchback,486000.0,formula_estimate
Kia,Soul,2020,Hatchback,499500.0,formula_estimate
Kia,Soul,2022,Hatchback,526500.0,formula_estimate
Kia,Soul,2023,Hatchback,540000.0,formula_estimate
Kia,Soul,2024,Hatchback,553500.0,formula_estimate
Kia,Sportage,2011,SUV,486000.0,formula_estimate
Kia,Sportage,2012,SUV,499500.0,formula_estimate
Kia,Sportage,2012,Sedan,409500.0,formula_estimate
Kia,Sportage,2013,SUV,513000.0,formula_estimate
Kia,Sportage,2013,Sedan,423000.0,formula_estimate
Kia,Sportage,2015,SUV,540000.0,formula_estimate
Kia,Sportage,2016,SUV,553500.0,formula_estimate
Kia,Sportage,2017,Hatchback,459000.0,formula_estimate
Kia,Sportage,2017,Sedan,477000.0,formula_estimate
Kia,Sportage,2017,Truck,603000.0,formula_estimate
Kia,Sportage,2018,Sedan,490500.0,formula_estimate
Kia,Sportage,2019,Sedan,504000.0,formula_estimate
Kia,Sportage,2020,Hatchback,499500.0,formula_estimate
Kia,Sportage,2021,Hatchback,513000.0,formula_estimate
Kia,Sportage,2022,Hatchback,526500.0,formula_estimate
Kia,Sportage,2022,SUV,634500.0,formula_estimate
Kia,Sportage,2023,Sedan,558000.0,formula_estimate
Lexus,Lx,2023,Hatchback,1053360.0,formula_estimate
Lexus,Rx,2024,Hatchback,1079280.0,formula_estimate
Lincoln,Aviator,2020,Hatchback,1703000.0,zero_mile_inventory
Lincoln,Corsair,2020,Hatchback,987000.0,zero_mile_inventory
Lincoln,Corsair,2023,Hatchback,986400.0,formula_estimate
Lincoln,Corsair,2024,Hatchback,979000.0,zero_mile_inventory
Lincoln,Corsair,2025,Hatchback,1322000.0,zero_mile_inventory
Lincoln,Mkc,2016,Hatchback,816300.0,formula_estimate
Lincoln,Mkc,2017,Hatchback,840600.0,formula_estimate
Lincoln,Nautilus,2020,Hatchback,1452900.0,zero_mile_inventory
Lincoln,Navigator,2008,Hatchback,621900.0,formula_estimate
Lincoln,Navigator,2020,Hatchback,2735850.0,zero_mile_inventory
Lincoln,Navigator,2024,Hatchback,1010700.0,formula_estimate
Lincoln,Navigator,2025,Hatchback,2569900.0,zero_mile_inventory
Mazda,Cx,2017,Hatchback,459000.0,formula_estimate
Mazda,Cx,2019,Hatchback,486000.0,formula_estimate
Mazda,Cx,2020,Hatchback,924900.0,zero_mile_inventory
Mazda,Cx,2021,Hatchback,513000.0,formula_estimate
Mazda,Cx,2024,Hatchback,553500.0,formula_estimate
Mazda,Cx,2025,Hatchback,551900.0,zero_mile_inventory
Mazda,Mazda,2020,Hatchback,499500.0,formula_estimate
Mazda,Mazda,2022,Hatchback,526500.0,formula_estimate
Mazda,Mazda,2023,Hatchback,540000.0,formula_estimate
Mazda,Mazda,2024,Hatchback,553500.0,formula_estimate
Mazda,Mx,2018,Hatchback,472500.0,formula_estimate
Mercedes-Benz,Benz,2015,Sedan,990000.0,formula_estimate
Mercedes-Benz,Benz,2016,Sedan,1019700.0,formula_estimate
Mercedes-Benz,Benz,2017,Sedan,1049400.0,formula_estimate
Mercedes-Benz,Benz,2018,Sedan,1079100.0,formula_estimate
Mercedes-Benz,Benz,2019,Sedan,1108800.0,formula_estimate
Mercedes-Benz,Benz,2020,Sedan,1254600.0,zero_mile_inventory
Mercedes-Benz,Benz,2021,Sedan,1168200.0,formula_estimate
Mercedes-Benz,Benz,2022,Sedan,1197900.0,formula_estimate
Mercedes-Benz,Benz,2023,Sedan,1227600.0,formula_estimate
Mercedes-Benz,Benz,2024,Sedan,1305000.0,zero_mile_inventory
Mercedes-Benz,Benz,2025,Sedan,998554.0,zero_mile_inventory
Mercedes-Benz,C-Class,2010,Truck,967500.0,formula_estimate
Mercedes-Benz,C-Class,2011,Sedan,871200.0,formula_estimate
Mercedes-Benz,C-Class,2012,Hatchback,882900.0,formula_estimate
Mercedes-Benz,C-Class,2012,SUV,990900.0,formula_estimate
Mercedes-Benz,C-Class,2012,Truck,1026900.0,formula_estimate
Mercedes-Benz,C-Class,2013,Truck,1056600.0,formula_estimate
Mercedes-Benz,C-Class,2014,Sedan,960300.0,formula_estimate
Mercedes-Benz,C-Class,2015,Truck,1116000.0,formula_estimate
Mercedes-Benz,C-Class,2016,Hatchback,1001700.0,formula_estimate
Mercedes-Benz,C-Class,2017,Hatchback,1031400.0,formula_estimate
Mercedes-Benz,C-Class,2017,SUV,1139400.0,formula_estimate
Mercedes-Benz,C-Class,2018,Sedan,1079100.0,formula_estimate
Mercedes-Benz,C-Class,2019,Hatchback,1090800.0,formula_estimate
Mercedes-Benz,C-Class,2020,SUV,1228500.0,formula_estimate
Mercedes-Benz,C-Class,2020,Sedan,1138500.0,formula_estimate
Mercedes-Benz,C-Class,2020,Truck,1264500.0,formula_estimate
Mercedes-Benz,C-Class,2022,SUV,1287900.0,formula_estimate
Mercedes-Benz,C-Class,2023,Sedan,1227600.0,formula_estimate
Mercedes-Benz,E-Class,2010,Hatchback,823500.0,formula_estimate
Mercedes-Benz,E-Class,2010,Truck,967500.0,formula_estimate
Mercedes-Benz,E-Class,2013,Sedan,930600.0,formula_estimate
Mercedes-Benz,E-Class,2013,Truck,1056600.0,formula_estimate
Mercedes-Benz,E-Class,2014,SUV,1050300.0,formula_estimate
Mercedes-Benz,E-Class,2015,Sedan,990000.0,formula_estimate
Mercedes-Benz,E-Class,2016,Hatchback,1001700.0,formula_estimate
Mercedes-Benz,E-Class,2016,SUV,1109700.0,formula_estimate
Mercedes-Benz,E-Class,2017,Truck,1175400.0,formula_estimate
Mercedes-Benz,E-Class,2019,SUV,1198800.0,formula_estimate
Mercedes-Benz,E-Class,2019,Sedan,1108800.0,formula_estimate
Mercedes-Benz,E-Class,2019,Truck,1234800.0,formula_estimate
Mercedes-Benz,E-Class,2020,Hatchback,1120500.0,formula_estimate
Mercedes-Benz,E-Class,2020,SUV,1228500.0,formula_estimate
Mercedes-Benz,E-Class,2020,Sedan,1138500.0,formula_estimate
Mercedes-Benz,E-Class,2020,Truck,1264500.0,formula_estimate
Mercedes-Benz,E-Class,2021,SUV,1258200.0,formula_estimate
Mercedes-Benz,E-Class,2022,SUV,1287900.0,formula_estimate
Mercedes-Benz,E-Class,2022,Truck,1323900.0,formula_estimate
Mercedes-Benz,E-Class,2023,Sedan,1227600.0,formula_estimate
Mercedes-Benz,GLC,2011,Sedan,871200.0,formula_estimate
Mercedes-Benz,GLC,2012,Hatchback,882900.0,formula_estimate
Mercedes-Benz,GLC,2012,SUV,990900.0,formula_estimate
Mercedes-Benz,GLC,2013,Sedan,930600.0,formula_estimate
Mercedes-Benz,GLC,2016,Hatchback,1001700.0,formula_estimate
Mercedes-Benz,GLC,2017,Hatchback,1031400.0,formula_estimate
Mercedes-Benz,GLC,2017,SUV,1139400.0,formula_estimate
Mercedes-Benz,GLC,2018,Hatchback,1061100.0,formula_estimate
Mercedes-Benz,GLC,2019,Hatchback,1090800.0,formula_estimate
Mercedes-Benz,GLC,2019,Sedan,1108800.0,formula_estimate
Mercedes-Benz,GLC,2020,SUV,1228500.0,formula_estimate
Mercedes-Benz,GLC,2020,Sedan,1138500.0,formula_estimate
Mercedes-Benz,GLC,2021,SUV,1258200.0,formula_estimate
Mercedes-Benz,GLC,2022,Truck,1323900.0,formula_estimate
Mercedes-Benz,GLC,2023,SUV,1317600.0,formula_estimate
Mercedes-Benz,GLE,2011,SUV,961200.0,formula_estimate
Mercedes-Benz,GLE,2012,Sedan,900900.0,formula_estimate
Mercedes-Benz,GLE,2013,Sedan,930600.0,formula_estimate
Mercedes-Benz,GLE,2014,Hatchback,942300.0,formula_estimate
Mercedes-Benz,GLE,2014,Sedan,960300.0,formula_estimate
Mercedes-Benz,GLE,2015,Hatchback,972000.0,formula_estimate
Mercedes-Benz,GLE,2016,Truck,1145700.0,formula_estimate
Mercedes-Benz,GLE,2017,SUV,1139400.0,formula_estimate
Mercedes-Benz,GLE,2017,Sedan,1049400.0,formula_estimate
Mercedes-Benz,GLE,2017,Truck,1175400.0,formula_estimate
Mercedes-Benz,GLE,2018,Sedan,1079100.0,formula_estimate
Mercedes-Benz,GLE,2019,SUV,1198800.0,formula_estimate
Mercedes-Benz,GLE,2019,Sedan,1108800.0,formula_estimate
Mercedes-Benz,GLE,2020,SUV,1228500.0,formula_estimate
Mercedes-Benz,GLE,2020,Truck,1264500.0,formula_estimate
Mercedes-Benz,GLE,2022,Hatchback,1179900.0,formula_estimate
Mercedes-Benz,GLE,2022,SUV,1287900.0,formula_estimate
Mercedes-Benz,GLE,2022,Truck,1323900.0,formula_estimate
Mercedes-Benz,GLE,2023,Hatchback,1209600.0,formula_estimate
Mercedes-Benz,GLE,2023,SUV,1317600.0,formula_estimate
Mercedes-Benz,GLE,2023,Sedan,1227600.0,formula_estimate
Mitsubishi,L200,2019,Hatchback,465840.0,formula_estimate
Mitsubishi,L200,2020,Hatchback,499900.0,zero_mile_inventory
Mitsubishi,L200,2023,Hatchback,517680.0,formula_estimate
Mitsubishi,L200,2025,Hatchback,761100.0,zero_mile_inventory
Mitsubishi,Mirage,2018,Hatchback,452880.0,formula_estimate
Mitsubishi,Mirage,2019,Hatchback,465840.0,formula_estimate
Mitsubishi,Mirage,2024,Hatchback,530640.0,formula_estimate
Mitsubishi,Montero,2025,Hatchback,810900.0,zero_mile_inventory
Mitsubishi,Outlander,2024,Hatchback,530640.0,formula_estimate
Mitsubishi,Xpander,2023,Hatchback,517680.0,formula_estimate
Nissan,Altima,2012,Hatchback,358740.0,formula_estimate
Nissan,Altima,2012,SUV,466740.0,formula_estimate
Nissan,Altima,2013,Hatchback,371160.0,formula_estimate
Nissan,Altima,2014,SUV,491580.0,formula_estimate
Nissan,Altima,2014,Sedan,401580.0,formula_estimate
Nissan,Altima,2015,SUV,504000.0,formula_estimate
Nissan,Altima,2015,Truck,540000.0,formula_estimate
Nissan,Altima,2016,SUV,516420.0,formula_estimate
Nissan,Altima,2016,Sedan,426420.0,formula_estimate
Nissan,Altima,2017,Sedan,438840.0,formula_estimate
Nissan,Altima,2017,Truck,564840.0,formula_estimate
Nissan,Altima,2018,Hatchback,433260.0,formula_estimate
Nissan,Altima,2018,SUV,541260.0,formula_estimate
Nissan,Altima,2019,Hatchback,445680.0,formula_estimate
Nissan,Altima,2019,SUV,553680.0,formula_estimate
Nissan,Altima,2020,Sedan,476100.0,formula_estimate
Nissan,Altima,2020,Truck,602100.0,formula_estimate
Nissan,Altima,2022,Hatchback,482940.0,formula_estimate
Nissan,Frontier,2020,SUV,451900.0,zero_mile_inventory
Nissan,Frontier,2022,Sedan,500940.0,formula_estimate
Nissan,Frontier,2025,Sedan,444200.0,zero_mile_inventory
Nissan,Juke,2015,Sedan,414000.0,formula_estimate
Nissan,Kicks,2019,Sedan,463680.0,formula_estimate
Nissan,Kicks,2020,Sedan,496900.0,zero_mile_inventory
Nissan,Kicks,2021,Sedan,488520.0,formula_estimate
Nissan,Kicks,2022,Sedan,500940.0,formula_estimate
Nissan,Kicks,2024,Sedan,555000.0,zero_mile_inventory
Nissan,Kicks,2025,Sedan,452900.0,zero_mile_inventory
Nissan,Magnite,2020,Sedan,373900.0,zero_mile_inventory
Nissan,Magnite,2025,Sedan,358950.0,zero_mile_inventory
Nissan,March,2020,Sedan,273900.0,zero_mile_inventory
Nissan,March,2021,Sedan,488520.0,formula_estimate
Nissan,March,2022,Sedan,500940.0,formula_estimate
Nissan,March,2023,Sedan,513360.0,formula_estimate
Nissan,Note,2018,Sedan,451260.0,formula_estimate
Nissan,Np300,2019,Sedan,463680.0,formula_estimate
Nissan,Np300,2020,Sedan,451900.0,zero_mile_inventory
Nissan,Np300,2025,Sedan,533700.0,zero_mile_inventory
Nissan,Nv350,2023,Sedan,513360.0,formula_estimate
Nissan,Pathfinder,2012,Hatchback,358740.0,formula_estimate
Nissan,Pathfinder,2012,SUV,466740.0,formula_estimate
Nissan,Pathfinder,2013,SUV,479160.0,formula_estimate
Nissan,Pathfinder,2014,Hatchback,383580.0,formula_estimate
Nissan,Pathfinder,2014,Sedan,401580.0,formula_estimate
Nissan,Pathfinder,2015,SUV,504000.0,formula_estimate
Nissan,Pathfinder,2016,Hatchback,408420.0,formula_estimate
Nissan,Pathfinder,2016,SUV,516420.0,formula_estimate
Nissan,Pathfinder,2017,Hatchback,420840.0,formula_estimate
Nissan,Pathfinder,2017,Sedan,438840.0,formula_estimate
Nissan,Pathfinder,2017,Truck,564840.0,formula_estimate
Nissan,Pathfinder,2018,Hatchback,433260.0,formula_estimate
Nissan,Pathfinder,2018,SUV,541260.0,formula_estimate
Nissan,Pathfinder,2018,Sedan,451260.0,formula_estimate
Nissan,Pathfinder,2018,Truck,577260.0,formula_estimate
Nissan,Pathfinder,2020,Hatchback,458100.0,formula_estimate
Nissan,Pathfinder,2020,Sedan,476100.0,formula_estimate
Nissan,Pathfinder,2021,Sedan,488520.0,formula_estimate
Nissan,Pathfinder,2022,Hatchback,482940.0,formula_estimate
Nissan,Pathfinder,2024,Sedan,1130000.0,zero_mile_inventory
Nissan,Rogue,2010,SUV,441900.0,formula_estimate
Nissan,Rogue,2011,Sedan,364320.0,formula_estimate
Nissan,Rogue,2011,Truck,490320.0,formula_estimate
Nissan,Rogue,2012,Hatchback,358740.0,formula_estimate
Nissan,Rogue,2012,Sedan,376740.0,formula_estimate
Nissan,Rogue,2014,SUV,491580.0,formula_estimate
Nissan,Rogue,2014,Sedan,401580.0,formula_estimate
Nissan,Rogue,2015,SUV,504000.0,formula_estimate
Nissan,Rogue,2015,Truck,540000.0,formula_estimate
Nissan,Rogue,2016,SUV,516420.0,formula_estimate
Nissan,Rogue,2016,Sedan,426420.0,formula_estimate
Nissan,Rogue,2016,Truck,552420.0,formula_estimate
Nissan,Rogue,2018,Hatchback,433260.0,formula_estimate
Nissan,Rogue,2018,Sedan,451260.0,formula_estimate
Nissan,Rogue,2019,Truck,589680.0,formula_estimate
Nissan,Rogue,2020,Hatchback,458100.0,formula_estimate
Nissan,Rogue,2020,Truck,602100.0,formula_estimate
Nissan,Rogue,2023,Hatchback,495360.0,formula_estimate
Nissan,Rogue,2023,Sedan,513360.0,formula_estimate
Nissan,Sentra,2010,Hatchback,333900.0,formula_estimate
Nissan,Sentra,2010,SUV,441900.0,formula_estimate
Nissan,Sentra,2010,Sedan,351900.0,formula_estimate
Nissan,Sentra,2011,Truck,490320.0,formula_estimate
Nissan,Sentra,2012,Hatchback,358740.0,formula_estimate
Nissan,Sentra,2012,Sedan,376740.0,formula_estimate
Nissan,Sentra,2012,Truck,502740.0,formula_estimate
Nissan,Sentra,2013,Sedan,389160.0,formula_estimate
Nissan,Sentra,2015,Truck,540000.0,formula_estimate
Nissan,Sentra,2017,Sedan,438840.0,formula_estimate
Nissan,Sentra,2017,Truck,564840.0,formula_estimate
Nissan,Sentra,2018,Hatchback,433260.0,formula_estimate
Nissan,Sentra,2018,Truck,577260.0,formula_estimate
Nissan,Sentra,2019,Sedan,463680.0,formula_estimate
Nissan,Sentra,2020,Hatchback,458100.0,formula_estimate
Nissan,Sentra,2020,Truck,602100.0,formula_estimate
Nissan,Sentra,2021,Truck,614520.0,formula_estimate
Nissan,Sentra,2022,Truck,626940.0,formula_estimate
Nissan,Sentra,2023,SUV,603360.0,formula_estimate
Nissan,Sentra,2024,Truck,651780.0,formula_estimate
Nissan,Urvan,2017,Sedan,438840.0,formula_estimate
Nissan,Urvan,2020,Sedan,476100.0,formula_estimate
Nissan,Urvan,2021,Sedan,488520.0,formula_estimate
Nissan,Urvan,2022,Sedan,500940.0,formula_estimate
Nissan,V,2020,Sedan,476100.0,formula_estimate
Nissan,V,2023,Sedan,513360.0,formula_estimate
Nissan,V,2024,Sedan,525780.0,formula_estimate
Nissan,Versa,2020,Sedan,445400.0,zero_mile_inventory
Nissan,Versa,2022,Sedan,500940.0,formula_estimate
Nissan,Versa,2023,Sedan,513360.0,formula_estimate
Nissan,Versa,2025,Sedan,370000.0,zero_mile_inventory
Nissan,X,2017,Truck,564840.0,formula_estimate
Nissan,X,2019,Sedan,463680.0,formula_estimate
Nissan,X,2020,Hatchback,529900.0,zero_mile_inventory
Nissan,X,2021,SUV,578520.0,formula_estimate
Nissan,X,2023,Sedan,513360.0,formula_estimate
Nissan,X,2024,Sedan,525780.0,formula_estimate
Nissan,X,2025,Sedan,538200.0,formula_estimate
RAM,1200,2025,Hatchback,504900.0,zero_mile_inventory
RAM,1500,2020,Hatchback,1710000.0,zero_mile_inventory
RAM,2500,2024,Hatchback,1564900.0,zero_mile_inventory
RAM,4000,2018,Hatchback,668700.0,formula_estimate
RAM,4000,2020,Hatchback,989900.0,zero_mile_inventory
RAM,4000,2024,Hatchback,1039900.0,zero_mile_inventory
RAM,700,2020,Hatchback,349900.0,zero_mile_inventory
RAM,700,2024,Hatchback,497900.0,zero_mile_inventory
RAM,Promaster,2024,Hatchback,782100.0,formula_estimate
RAM,Ram,2017,Hatchback,649800.0,formula_estimate
RAM,Ram,2020,Hatchback,369000.0,zero_mile_inventory
RAM,Ram,2021,Hatchback,725400.0,formula_estimate
RAM,Ram,2024,Hatchback,782100.0,formula_estimate
RAM,Ram,2025,Hatchback,669900.0,zero_mile_inventory
Suzuki,Ertiga,2021,SUV,514800.0,formula_estimate
Suzuki,Ertiga,2024,SUV,547200.0,formula_estimate
Suzuki,Fronx,2025,SUV,558000.0,formula_estimate
Suzuki,Ignis,2024,SUV,547200.0,formula_estimate
Suzuki,Swift,2014,SUV,439200.0,formula_estimate
Suzuki,Swift,2020,SUV,504000.0,formula_estimate
Suzuki,Swift,2021,SUV,514800.0,formula_estimate
Suzuki,Swift,2022,SUV,525600.0,formula_estimate
Suzuki,Swift,2025,SUV,558000.0,formula_estimate
Suzuki,Sx4,2012,SUV,417600.0,formula_estimate
Suzuki,Vitara,2018,SUV,482400.0,formula_estimate
Suzuki,Vitara,2021,SUV,514800.0,formula_estimate
Toyota,4Runner,2020,Hatchback,2094900.0,zero_mile_inventory
Toyota,Camry,2010,Sedan,413100.0,formula_estimate
Toyota,Camry,2011,Sedan,427680.0,formula_estimate
Toyota,Camry,2011,Truck,553680.0,formula_estimate
Toyota,Camry,2012,Truck,568260.0,formula_estimate
Toyota,Camry,2013,SUV,546840.0,formula_estimate
Toyota,Camry,2015,Hatchback,468000.0,formula_estimate
Toyota,Camry,2016,Hatchback,482580.0,formula_estimate
Toyota,Camry,2016,SUV,590580.0,formula_estimate
Toyota,Camry,2017,Hatchback,497160.0,formula_estimate
Toyota,Camry,2017,SUV,605160.0,formula_estimate
Toyota,Camry,2017,Sedan,515160.0,formula_estimate
Toyota,Camry,2017,Truck,641160.0,formula_estimate
Toyota,Camry,2018,Hatchback,511740.0,formula_estimate
Toyota,Camry,2018,SUV,619740.0,formula_estimate
Toyota,Camry,2018,Truck,655740.0,formula_estimate
Toyota,Camry,2019,Hatchback,526320.0,formula_estimate
Toyota,Camry,2019,Truck,670320.0,formula_estimate
Toyota,Camry,2022,Truck,714060.0,formula_estimate
Toyota,Camry,2023,Truck,728640.0,formula_estimate
Toyota,Ch,2019,Hatchback,526320.0,formula_estimate
Toyota,Corolla,2010,Sedan,413100.0,formula_estimate
Toyota,Corolla,2011,Hatchback,409680.0,formula_estimate
Toyota,Corolla,2011,SUV,517680.0,formula_estimate
Toyota,Corolla,2011,Truck,553680.0,formula_estimate
Toyota,Corolla,2013,Hatchback,438840.0,formula_estimate
Toyota,Corolla,2014,SUV,561420.0,formula_estimate
Toyota,Corolla,2015,SUV,576000.0,formula_estimate
Toyota,Corolla,2016,Hatchback,482580.0,formula_estimate
Toyota,Corolla,2016,SUV,590580.0,formula_estimate
Toyota,Corolla,2016,Truck,626580.0,formula_estimate
Toyota,Corolla,2018,SUV,619740.0,formula_estimate
Toyota,Corolla,2018,Truck,655740.0,formula_estimate
Toyota,Corolla,2019,SUV,634320.0,formula_estimate
Toyota,Corolla,2019,Sedan,544320.0,formula_estimate
Toyota,Corolla,2020,Sedan,558900.0,formula_estimate
Toyota,Corolla,2021,Hatchback,555480.0,formula_estimate
Toyota,Corolla,2021,SUV,663480.0,formula_estimate
Toyota,Corolla,2022,Sedan,588060.0,formula_estimate
Toyota,Hiace,2018,Hatchback,511740.0,formula_estimate
Toyota,Highlander,2010,Hatchback,395100.0,formula_estimate
Toyota,Highlander,2010,Truck,539100.0,formula_estimate
Toyota,Highlander,2011,SUV,517680.0,formula_estimate
Toyota,Highlander,2011,Truck,553680.0,formula_estimate
Toyota,Highlander,2012,Hatchback,424260.0,formula_estimate
Toyota,Highlander,2014,Hatchback,453420.0,formula_estimate
Toyota,Highlander,2015,Truck,612000.0,formula_estimate
Toyota,Highlander,2016,Truck,626580.0,formula_estimate
Toyota,Highlander,2017,Hatchback,497160.0,formula_estimate
Toyota,Highlander,2017,Truck,641160.0,formula_estimate
Toyota,Highlander,2018,Truck,655740.0,formula_estimate
Toyota,Highlander,2019,Sedan,544320.0,formula_estimate
Toyota,Highlander,2020,Hatchback,540900.0,formula_estimate
Toyota,Highlander,2021,SUV,663480.0,formula_estimate
Toyota,Highlander,2021,Sedan,573480.0,formula_estimate
Toyota,Highlander,2022,Sedan,588060.0,formula_estimate
Toyota,Highlander,2023,Sedan,602640.0,formula_estimate
Toyota,Highlander,2024,Hatchback,599220.0,formula_estimate
Toyota,Prius,2013,Hatchback,438840.0,formula_estimate
Toyota,Prius,2017,Hatchback,497160.0,formula_estimate
Toyota,Prius,2018,Hatchback,511740.0,formula_estimate
Toyota,Prius,2021,Hatchback,555480.0,formula_estimate
Toyota,RAV4,2010,Sedan,413100.0,formula_estimate
Toyota,RAV4,2011,SUV,517680.0,formula_estimate
Toyota,RAV4,2014,Hatchback,453420.0,formula_estimate
Toyota,RAV4,2015,SUV,576000.0,formula_estimate
Toyota,RAV4,2015,Sedan,486000.0,formula_estimate
Toyota,RAV4,2016,Hatchback,482580.0,formula_estimate
Toyota,RAV4,2016,Sedan,500580.0,formula_estimate
Toyota,RAV4,2016,Truck,626580.0,formula_estimate
Toyota,RAV4,2017,SUV,605160.0,formula_estimate
Toyota,RAV4,2018,SUV,619740.0,formula_estimate
Toyota,RAV4,2019,Sedan,544320.0,formula_estimate
Toyota,RAV4,2019,Truck,670320.0,formula_estimate
Toyota,RAV4,2020,Hatchback,540900.0,formula_estimate
Toyota,RAV4,2021,Hatchback,555480.0,formula_estimate
Toyota,RAV4,2021,Sedan,573480.0,formula_estimate
Toyota,RAV4,2021,Truck,699480.0,formula_estimate
Toyota,RAV4,2022,Hatchback,570060.0,formula_estimate
Toyota,RAV4,2023,SUV,692640.0,formula_estimate
Toyota,Raize,2020,Hatchback,403650.0,zero_mile_inventory
Toyota,Rav4,2020,Hatchback,540900.0,formula_estimate
Toyota,Sequoia,2019,Hatchback,526320.0,formula_estimate
Toyota,Sequoia,2020,Hatchback,2349950.0,zero_mile_inventory
Toyota,Sienna,2022,Truck,714060.0,formula_estimate
Toyota,Sienna,2024,Hatchback,599220.0,formula_estimate
Volkswagen,Amarok,2019,Hatchback,486000.0,formula_estimate
Volkswagen,Amarok,2025,Hatchback,987371.0,zero_mile_inventory
Volkswagen,Atlas,2010,Truck,508500.0,formula_estimate
Volkswagen,Atlas,2011,SUV,486000.0,formula_estimate
Volkswagen,Atlas,2012,Hatchback,391500.0,formula_estimate
Volkswagen,Atlas,2012,Truck,535500.0,formula_estimate
Volkswagen,Atlas,2013,Hatchback,405000.0,formula_estimate
Volkswagen,Atlas,2014,Hatchback,418500.0,formula_estimate
Volkswagen,Atlas,2014,Sedan,436500.0,formula_estimate
Volkswagen,Atlas,2016,Hatchback,445500.0,formula_estimate
Volkswagen,Atlas,2016,Sedan,463500.0,formula_estimate
Volkswagen,Atlas,2016,Truck,589500.0,formula_estimate
Volkswagen,Atlas,2017,Hatchback,459000.0,formula_estimate
Volkswagen,Atlas,2017,SUV,567000.0,formula_estimate
Volkswagen,Atlas,2017,Sedan,477000.0,formula_estimate
Volkswagen,Atlas,2017,Truck,603000.0,formula_estimate
Volkswagen,Atlas,2018,Hatchback,472500.0,formula_estimate
Volkswagen,Atlas,2018,SUV,580500.0,formula_estimate
Volkswagen,Atlas,2021,Hatchback,513000.0,formula_estimate
Volkswagen,Atlas,2022,Sedan,544500.0,formula_estimate
Volkswagen,Atlas,2023,Truck,684000.0,formula_estimate
Volkswagen,Beetle,2010,Hatchback,364500.0,formula_estimate
Volkswagen,Caddy,2018,Hatchback,472500.0,formula_estimate
Volkswagen,Caddy,2019,Hatchback,486000.0,formula_estimate
Volkswagen,Caddy,2020,Hatchback,538000.0,zero_mile_inventory
Volkswagen,Caravelle,2020,Hatchback,1150990.0,zero_mile_inventory
Volkswagen,Crafter,2020,Hatchback,1318000.0,zero_mile_inventory
Volkswagen,Crafter,2025,Hatchback,879660.0,zero_mile_inventory
Volkswagen,Cross,2020,Hatchback,1175190.0,zero_mile_inventory
Volkswagen,Cross,2021,Hatchback,513000.0,formula_estimate
Volkswagen,Cross,2024,Hatchback,553500.0,formula_estimate
Volkswagen,Gol,2017,Hatchback,459000.0,formula_estimate
Volkswagen,Gol,2018,Hatchback,472500.0,formula_estimate
Volkswagen,Jetta,2011,Hatchback,378000.0,formula_estimate
Volkswagen,Jetta,2012,SUV,499500.0,formula_estimate
Volkswagen,Jetta,2013,Hatchback,405000.0,formula_estimate
Volkswagen,Jetta,2013,Sedan,423000.0,formula_estimate
Volkswagen,Jetta,2013,Truck,549000.0,formula_estimate
Volkswagen,Jetta,2014,SUV,526500.0,formula_estimate
Volkswagen,Jetta,2014,Truck,562500.0,formula_estimate
Volkswagen,Jetta,2015,SUV,540000.0,formula_estimate
Volkswagen,Jetta,2016,Hatchback,445500.0,formula_estimate
Volkswagen,Jetta,2017,Hatchback,459000.0,formula_estimate
Volkswagen,Jetta,2018,Hatchback,472500.0,formula_estimate
Volkswagen,Jetta,2019,SUV,594000.0,formula_estimate
Volkswagen,Jetta,2020,Hatchback,499500.0,formula_estimate
Volkswagen,Jetta,2020,SUV,607500.0,formula_estimate
Volkswagen,Jetta,2021,Hatchback,513000.0,formula_estimate
Volkswagen,Jetta,2022,Hatchback,526500.0,formula_estimate
Volkswagen,Jetta,2022,Truck,670500.0,formula_estimate
Volkswagen,Jetta,2023,Sedan,558000.0,formula_estimate
Volkswagen,Jetta,2023,Truck,684000.0,formula_estimate
Volkswagen,Nivus,2020,Hatchback,465690.0,zero_mile_inventory
Volkswagen,Nivus,2024,Hatchback,553500.0,formula_estimate
Volkswagen,Nueva,2020,Hatchback,795790.0,zero_mile_inventory
Volkswagen,Passat,2012,Hatchback,391500.0,formula_estimate
Volkswagen,Passat,2013,Hatchback,405000.0,formula_estimate
Volkswagen,Passat,2013,Sedan,423000.0,formula_estimate
Volkswagen,Passat,2013,Truck,549000.0,formula_estimate
Volkswagen,Passat,2015,SUV,540000.0,formula_estimate
Volkswagen,Passat,2015,Sedan,450000.0,formula_estimate
Volkswagen,Passat,2016,SUV,553500.0,formula_estimate
Volkswagen,Passat,2017,SUV,567000.0,formula_estimate
Volkswagen,Passat,2017,Truck,603000.0,formula_estimate
Volkswagen,Passat,2018,SUV,580500.0,formula_estimate
Volkswagen,Passat,2021,Truck,657000.0,formula_estimate
Volkswagen,Passat,2023,Hatchback,540000.0,formula_estimate
Volkswagen,Passat,2023,Truck,684000.0,formula_estimate
Volkswagen,Polo,2019,Hatchback,486000.0,formula_estimate
Volkswagen,Polo,2020,Sedan,320900.0,zero_mile_inventory
Volkswagen,Saveiro,2016,Sedan,463500.0,formula_estimate
Volkswagen,Saveiro,2020,Truck,369885.5,zero_mile_inventory
Volkswagen,Saveiro,2022,Sedan,544500.0,formula_estimate
Volkswagen,T,2020,Hatchback,499500.0,formula_estimate
Volkswagen,T,2021,Hatchback,513000.0,formula_estimate
Volkswagen,T,2022,Hatchback,526500.0,formula_estimate
Volkswagen,Taigun,2023,Truck,684000.0,formula_estimate
Volkswagen,Taigun,2024,Hatchback,553500.0,formula_estimate
Volkswagen,Taigun,2025,Hatchback,403740.0,zero_mile_inventory
Volkswagen,Taos,2025,Hatchback,616190.0,zero_mile_inventory
Volkswagen,Tera,2020,Hatchback,382990.0,zero_mile_inventory
Volkswagen,Teramont,2022,Hatchback,526500.0,formula_estimate
Volkswagen,Teramont,2025,Hatchback,901190.0,zero_mile_inventory
Volkswagen,Tiguan,2010,Sedan,382500.0,formula_estimate
Volkswagen,Tiguan,2010,Truck,508500.0,formula_estimate
Volkswagen,Tiguan,2011,Sedan,396000.0,formula_estimate
Volkswagen,Tiguan,2012,SUV,499500.0,formula_estimate
Volkswagen,Tiguan,2012,Truck,535500.0,formula_estimate
Volkswagen,Tiguan,2014,Hatchback,418500.0,formula_estimate
Volkswagen,Tiguan,2015,SUV,540000.0,formula_estimate
Volkswagen,Tiguan,2015,Truck,576000.0,formula_estimate
Volkswagen,Tiguan,2016,Hatchback,445500.0,formula_estimate
Volkswagen,Tiguan,2016,SUV,553500.0,formula_estimate
Volkswagen,Tiguan,2017,SUV,567000.0,formula_estimate
Volkswagen,Tiguan,2017,Sedan,477000.0,formula_estimate
Volkswagen,Tiguan,2017,Truck,603000.0,formula_estimate
Volkswagen,Tiguan,2018,Hatchback,472500.0,formula_estimate
Volkswagen,Tiguan,2019,Truck,630000.0,formula_estimate
Volkswagen,Tiguan,2020,Sedan,517500.0,formula_estimate
Volkswagen,Tiguan,2020,Truck,643500.0,formula_estimate
Volkswagen,Tiguan,2021,Hatchback,513000.0,formula_estimate
Volkswagen,Tiguan,2021,SUV,621000.0,formula_estimate
Volkswagen,Tiguan,2021,Sedan,531000.0,formula_estimate
Volkswagen,Tiguan,2022,Hatchback,526500.0,formula_estimate
Volkswagen,Tiguan,2022,SUV,634500.0,formula_estimate
Volkswagen,Tiguan,2023,Truck,684000.0,formula_estimate
Volkswagen,Tiguan,2024,SUV,661500.0,formula_estimate
Volkswagen,Transporter,2019,Sedan,504000.0,formula_estimate
Volkswagen,Transporter,2020,Hatchback,992352.5,zero_mile_inventory
Volkswagen,Transporter,2021,Hatchback,513000.0,formula_estimate
Volkswagen,Transporter,2025,Hatchback,690140.0,zero_mile_inventory
Volkswagen,Virtus,2020,Hatchback,356740.0,zero_mile_inventory
Volkswagen,Virtus,2022,Hatchback,526500.0,formula_estimate
Volkswagen,Virtus,2023,Hatchback,540000.0,formula_estimate
Volkswagen,Virtus,2024,Hatchback,553500.0,formula_estimate
Volkswagen,Virtus,2025,Hatchback,338990.0,zero_mile_inventory
