car_id,make,model,body_type,year,fuel_type
1,Kia,Sorento,Sedan,2020,Diesel
2,Audi,A1,SUV,2024,Gasoline
3,Nissan,V,Sedan,2023,Diesel
4,Chevrolet,Captiva,Hatchback,2025,Hybrid
5,Chevrolet,Suburban,Hatchback,2024,Hybrid
6,Mitsubishi,L200,Hatchback,2020,Gasoline
7,Ford,Ranger,Sedan,2024,Gasoline
8,RAM,Ram,Hatchback,2025,Gasoline
9,Nissan,Nv350,Sedan,2023,Diesel
10,Nissan,Pathfinder,Sedan,2024,Diesel
11,Ford,Bronco,Sedan,2025,Gasoline
12,Audi,Q5,SUV,2020,Hybrid
13,RAM,2500,Hatchback,2024,Gasoline
14,Toyota,4Runner,Hatchback,2020,Hybrid
15,Audi,A4,Sedan,2024,Gasoline
16,Mercedes-Benz,Benz,Sedan,2020,Diesel
17,Jeep,Grand,Hatchback,2024,Diesel
18,Jeep,Cherokee,Hatchback,2020,Diesel
19,Mercedes-Benz,Benz,Sedan,2025,Diesel
20,Jeep,Compass,Hatchback,2025,Diesel
21,Mercedes-Benz,Benz,Sedan,2024,Diesel
22,Chevrolet,Suburban,Hatchback,2025,Hybrid
23,Lincoln,Navigator,Hatchback,2020,Gasoline
24,BMW,Serie,Hatchback,2020,Gasoline
25,Kia,Sorento,Truck,2021,Hybrid
26,Jeep,Jt,Hatchback,2025,Diesel
27,Audi,A4,Sedan,2009,Gasoline
28,BMW,X5,Truck,2020,Gasoline
29,Dodge,Durango,Hatchback,2025,Gasoline
30,Jeep,Grand,Hatchback,2022,Diesel
31,Suzuki,Vitara,SUV,2018,Gasoline
32,Volkswagen,Caddy,Hatchback,2019,Gasoline
33,Volkswagen,Taigun,Hatchback,2025,Gasoline
34,Ford,Ranger,Sedan,2020,Gasoline
35,Ford,Territory,Sedan,2020,Gasoline
36,Audi,Q3,SUV,2024,Gasoline
37,Audi,Q2,SUV,2021,Gasoline
38,Volkswagen,Crafter,Hatchback,2025,Gasoline
39,Kia,Sportage,Sedan,2018,Hybrid
40,Nissan,Kicks,Sedan,2020,Diesel
41,Volkswagen,Transporter,Hatchback,2020,Gasoline
42,BMW,X5,Hatchback,2025,Gasoline
43,Kia,Niro,Hatchback,2025,Hybrid
44,Volkswagen,Virtus,Hatchback,2025,Gasoline
45,Toyota,Prius,Hatchback,2021,Hybrid
46,Ford,Bronco,Sedan,2020,Gasoline
47,Nissan,March,Sedan,2022,Diesel
48,Kia,Sportage,Hatchback,2021,Diesel
49,Volkswagen,Transporter,Hatchback,2025,Gasoline
50,Nissan,Kicks,Sedan,2021,Diesel
51,Chevrolet,Groove,Hatchback,2025,Hybrid
52,Nissan,Kicks,Sedan,2025,Diesel
53,Audi,Q7,Truck,2015,Diesel
54,Hyundai,Accent,Hatchback,2021,Hybrid
55,Toyota,Rav4,Hatchback,2020,Hybrid
56,Chevrolet,Onix,Hatchback,2021,Hybrid
57,Nissan,March,Sedan,2021,Diesel
58,Nissan,X,Sedan,2019,Diesel
59,Ford,Mustang,Hatchback,2020,Hybrid
60,RAM,Ram,Hatchback,2020,Gasoline
61,Volkswagen,T,Hatchback,2021,Gasoline
62,Volkswagen,Virtus,Hatchback,2023,Gasoline
63,Ford,Explorer,Truck,2025,Gasoline
64,Jeep,Grand,Hatchback,2025,Diesel
65,Kia,Seltos,Hatchback,2022,Hybrid
66,Volkswagen,Polo,Hatchback,2019,Gasoline
67,Ford,Transit,Sedan,2020,Gasoline
68,Chevrolet,Aveo,Hatchback,2024,Hybrid
69,Volkswagen,Tiguan,Sedan,2020,Diesel
70,Chevrolet,Cavalier,Hatchback,2019,Hybrid
71,Hyundai,Creta,Hatchback,2024,Hybrid
72,Ford,F,Sedan,2020,Gasoline
73,Audi,Q3,SUV,2022,Gasoline
74,Volkswagen,Cross,Hatchback,2024,Gasoline
75,Ford,Transit,Sedan,2021,Gasoline
76,Hyundai,Tucson,SUV,2024,Hybrid
77,Kia,Seltos,Hatchback,2025,Hybrid
78,Audi,Q6,SUV,2025,Gasoline
79,Hyundai,Palisade,Hatchback,2023,Hybrid
80,Nissan,Np300,Sedan,2025,Diesel
81,Volkswagen,T,Hatchback,2020,Gasoline
82,Lincoln,Nautilus,Hatchback,2020,Gasoline
83,Nissan,Pathfinder,SUV,2015,Hybrid
84,Volkswagen,Crafter,Hatchback,2020,Gasoline
85,Infiniti,Qx60,Hatchback,2021,Gasoline
86,Kia,Niro,Hatchback,2019,Hybrid
87,Audi,Rs5,SUV,2025,Gasoline
88,Volkswagen,Tiguan,SUV,2021,Gasoline
89,Volkswagen,Nivus,Hatchback,2020,Gasoline
90,Jeep,Cherokee,Hatchback,2018,Diesel
91,Volkswagen,Tiguan,Hatchback,2022,Gasoline
92,Dodge,Journey,Hatchback,2016,Gasoline
93,Chevrolet,Suburban,Hatchback,2021,Hybrid
94,Suzuki,Ertiga,SUV,2024,Gasoline
95,Chevrolet,Tornado,Hatchback,2023,Hybrid
96,Lincoln,Mkc,Hatchback,2016,Gasoline
97,Chrysler,Pacifica,Truck,2022,Gasoline
98,BMW,I5,Hatchback,2025,Gasoline
99,Cadillac,Xt5,Sedan,2025,Gasoline
100,Chevrolet,Volt,Hatchback,2017,Hybrid
101,BMW,X1,Hatchback,2016,Gasoline
102,Mitsubishi,Xpander,Hatchback,2023,Gasoline
103,Volkswagen,T,Hatchback,2022,Gasoline
104,BMW,X6,Hatchback,2020,Gasoline
105,Suzuki,Swift,SUV,2014,Gasoline
106,Ford,Bronco,Sedan,2023,Gasoline
107,Volkswagen,Transporter,Hatchback,2021,Gasoline
108,Volkswagen,Caravelle,Hatchback,2020,Gasoline
109,RAM,Ram,Hatchback,2017,Gasoline
110,Chevrolet,S,Hatchback,2025,Hybrid
111,Mazda,Cx,Hatchback,2021,Gasoline
112,Jeep,Renegade,Hatchback,2024,Diesel
113,Nissan,Versa,Sedan,2023,Diesel
114,Kia,Niro,Hatchback,2020,Hybrid
115,Chevrolet,Tahoe,Truck,2022,Hybrid
116,Nissan,Magnite,Sedan,2020,Diesel
117,Cadillac,Escalade,Sedan,2023,Gasoline
118,Infiniti,Qx50,Truck,2020,Gasoline
119,Audi,A6,Sedan,2020,Gasoline
120,Chevrolet,Tracker,Hatchback,2021,Hybrid
121,Volkswagen,Polo,Sedan,2020,Diesel
122,Chevrolet,Cruze,Hatchback,2018,Hybrid
123,Dodge,Attitude,Hatchback,2025,Gasoline
124,Audi,A5,SUV,2022,Gasoline
125,Volkswagen,Taigun,Truck,2023,Gasoline
126,Kia,Niro,Hatchback,2022,Hybrid
127,Toyota,Raize,Hatchback,2020,Hybrid
128,Toyota,Sequoia,Hatchback,2020,Hybrid
129,Volkswagen,Cross,Hatchback,2020,Gasoline
130,Lincoln,Corsair,Hatchback,2024,Gasoline
131,Nissan,Frontier,Sedan,2025,Diesel
132,Chevrolet,Captiva,Truck,2023,Gasoline
133,Kia,Soul,Hatchback,2024,Hybrid
134,Chevrolet,Groove,Hatchback,2024,Hybrid
135,Ford,Bronco,Sedan,2021,Gasoline
136,Audi,A1,SUV,2023,Gasoline
137,BMW,X1,Hatchback,2021,Gasoline
138,Volkswagen,Gol,Hatchback,2018,Hybrid
139,Ford,Expedition,Sedan,2025,Gasoline
140,Nissan,Urvan,Sedan,2021,Diesel
141,Honda,City,Truck,2021,Hybrid
142,Chevrolet,S,Hatchback,2020,Hybrid
143,Mercedes-Benz,Benz,Sedan,2017,Diesel
144,RAM,1500,Hatchback,2020,Gasoline
145,Volkswagen,Taos,Hatchback,2025,Gasoline
146,Mazda,Mazda,Hatchback,2023,Gasoline
147,Kia,Sonet,SUV,2020,Hybrid
148,Mitsubishi,Outlander,Hatchback,2024,Gasoline
149,Volkswagen,Virtus,Hatchback,2024,Gasoline
150,Ford,Explorer,Truck,2024,Gasoline
151,Kia,Rio,Hatchback,2021,Hybrid
152,Mercedes-Benz,Benz,Sedan,2019,Diesel
153,Dodge,Attitude,Hatchback,2023,Gasoline
154,Audi,Q5,SUV,2025,Diesel
155,Kia,Sorento,Hatchback,2018,Hybrid
156,Nissan,X,Sedan,2025,Diesel
157,Nissan,Versa,Sedan,2020,Diesel
158,Audi,Q3,SUV,2020,Gasoline
159,Chevrolet,Tahoe,SUV,2023,Diesel
160,Volkswagen,Virtus,Hatchback,2020,Gasoline
161,Honda,Cr,SUV,2019,Gasoline
162,Lincoln,Navigator,Hatchback,2025,Gasoline
163,Audi,Q2,SUV,2024,Gasoline
164,Dodge,Journey,Hatchback,2017,Gasoline
165,Jeep,Wrangler,Hatchback,2025,Diesel
166,Chevrolet,Traverse,Hatchback,2014,Hybrid
167,Ford,Transit,Sedan,2018,Gasoline
168,Chevrolet,Equinox,Hatchback,2018,Hybrid
169,BMW,Serie,Hatchback,2025,Gasoline
170,Chevrolet,Tahoe,Sedan,2020,Diesel
171,Mazda,Cx,Hatchback,2020,Gasoline
172,BMW,I4,Hatchback,2020,Gasoline
173,Kia,Forte,Hatchback,2021,Diesel
174,Chevrolet,Traverse,Hatchback,2020,Hybrid
175,Lincoln,Navigator,Hatchback,2008,Gasoline
176,Chevrolet,Traverse,Hatchback,2021,Hybrid
177,Nissan,Versa,Sedan,2025,Diesel
178,Chevrolet,Onix,Hatchback,2022,Hybrid
179,Hyundai,Tucson,SUV,2022,Diesel
180,Mitsubishi,L200,Hatchback,2025,Gasoline
181,Dodge,Journey,Hatchback,2025,Gasoline
182,Hyundai,Elantra,Sedan,2023,Diesel
183,Audi,S5,SUV,2025,Gasoline
184,Audi,A6,Sedan,2018,Gasoline
185,Chevrolet,Onix,Hatchback,2023,Hybrid
186,Kia,Optima,SUV,2019,Gasoline
187,Chevrolet,Aveo,Hatchback,2025,Hybrid
188,Mercedes-Benz,Benz,Sedan,2021,Diesel
189,Nissan,Sentra,Sedan,2013,Diesel
190,Chevrolet,Trax,Hatchback,2020,Hybrid
191,BMW,X1,Hatchback,2019,Gasoline
192,Audi,Q2,SUV,2023,Gasoline
193,Nissan,Kicks,Sedan,2024,Diesel
194,Ford,F,Sedan,2016,Gasoline
195,Volkswagen,Nivus,Hatchback,2024,Gasoline
196,Ford,Focus,Sedan,2014,Gasoline
197,Kia,Sorento,Hatchback,2017,Diesel
198,Jeep,Renegade,Hatchback,2025,Diesel
199,Jeep,Wagoneer,Hatchback,2020,Diesel
200,Nissan,Pathfinder,Sedan,2020,Diesel
201,Honda,City,Truck,2016,Hybrid
202,Chevrolet,Suburban,Hatchback,2022,Hybrid
203,Mazda,Cx,Hatchback,2025,Gasoline
204,Nissan,Kicks,Sedan,2019,Diesel
205,Chevrolet,Groove,Hatchback,2020,Hybrid
206,Suzuki,Ertiga,SUV,2021,Gasoline
207,Lincoln,Corsair,Hatchback,2023,Gasoline
208,Chevrolet,Tracker,Hatchback,2023,Hybrid
209,Audi,Q5,Hatchback,2023,Diesel
210,Chevrolet,Traverse,Hatchback,2025,Hybrid
211,Lexus,Rx,Hatchback,2024,Gasoline
212,Chevrolet,Captiva,Hatchback,2020,Diesel
213,Chevrolet,Captiva,SUV,2015,Gasoline
214,BMW,X1,Hatchback,2024,Gasoline
215,Chevrolet,Equinox,Hatchback,2021,Hybrid
216,Nissan,V,Sedan,2020,Diesel
217,Kia,Soul,Hatchback,2019,Hybrid
218,Chevrolet,Suburban,Hatchback,2023,Hybrid
219,Lincoln,Corsair,Hatchback,2020,Gasoline
220,Ford,Maverick,Sedan,2023,Gasoline
221,Chevrolet,Onix,Hatchback,2020,Hybrid
222,Jeep,Gladiator,Hatchback,2023,Diesel
223,Chevrolet,Bolt,Hatchback,2020,Hybrid
224,Audi,Sq6,SUV,2025,Gasoline
225,Volkswagen,Nueva,Hatchback,2020,Gasoline
226,Jeep,Wagoneer,Hatchback,2025,Diesel
227,RAM,Ram,Hatchback,2024,Gasoline
228,Chevrolet,Aveo,Hatchback,2023,Hybrid
229,Chevrolet,Traverse,Hatchback,2019,Hybrid
230,Lincoln,Corsair,Hatchback,2025,Gasoline
231,Jeep,Grand,Hatchback,2017,Diesel
232,Infiniti,Qx80,Hatchback,2025,Gasoline
233,Ford,Escape,Sedan,2025,Diesel
234,Nissan,Note,Sedan,2018,Hybrid
235,Mitsubishi,Mirage,Hatchback,2018,Gasoline
236,Audi,Sq5,Sedan,2018,Gasoline
237,Audi,A1,SUV,2016,Gasoline
238,Audi,Sq5,SUV,2019,Gasoline
239,Kia,Seltos,Hatchback,2021,Hybrid
240,Audi,Q8,SUV,2019,Gasoline
241,Jeep,Cherokee,Hatchback,2025,Diesel
242,Audi,Q3,SUV,2023,Gasoline
243,Nissan,X,Truck,2017,Gasoline
244,Audi,Q8,SUV,2020,Gasoline
245,Honda,Br,Truck,2019,Hybrid
246,BMW,Ix1,Hatchback,2020,Gasoline
247,BMW,I4,Hatchback,2024,Gasoline
248,Volkswagen,Virtus,Hatchback,2022,Gasoline
249,Nissan,Sentra,Hatchback,2020,Gasoline
250,BMW,X1,Hatchback,2025,Gasoline
251,Jeep,Cherokee,Hatchback,2014,Diesel
252,Chevrolet,Traverse,Hatchback,2024,Hybrid
253,Ford,Expedition,Sedan,2018,Gasoline
254,Jeep,Commander,Hatchback,2025,Diesel
255,Kia,Forte,Sedan,2019,Hybrid
256,BMW,Serie,Hatchback,2024,Gasoline
257,BMW,X4,Hatchback,2021,Gasoline
258,Ford,Explorer,Truck,2023,Gasoline
259,Audi,Q5,SUV,2022,Gasoline
260,Mercedes-Benz,Benz,Sedan,2016,Diesel
261,Volkswagen,Taigun,Hatchback,2024,Gasoline
262,Chevrolet,Beat,Hatchback,2021,Hybrid
263,Nissan,Magnite,Sedan,2025,Diesel
264,Dodge,Ram,Hatchback,2012,Gasoline
265,Kia,Soul,Hatchback,2020,Hybrid
266,Kia,Niro,Hatchback,2024,Hybrid
267,Volkswagen,Caddy,Hatchback,2018,Gasoline
268,Suzuki,Swift,SUV,2021,Gasoline
269,Mazda,Mx,Hatchback,2018,Gasoline
270,Audi,A6,SUV,2017,Hybrid
271,Toyota,Prius,Hatchback,2018,Hybrid
272,Mercedes-Benz,Benz,Sedan,2023,Diesel
273,Mercedes-Benz,Benz,Sedan,2022,Diesel
274,Jeep,Grand,Hatchback,2023,Diesel
275,Nissan,Np300,Sedan,2019,Diesel
276,Kia,Forte,Sedan,2022,Hybrid
277,Chevrolet,Groove,Hatchback,2023,Hybrid
278,Ford,Figo,Sedan,2018,Gasoline
279,BMW,X6,Hatchback,2022,Gasoline
280,Nissan,V,Sedan,2024,Diesel
281,Lincoln,Navigator,Hatchback,2024,Gasoline
282,Kia,Sportage,Hatchback,2020,Gasoline
283,Audi,Q8,SUV,2021,Gasoline
284,RAM,4000,Hatchback,2020,Gasoline
285,Volkswagen,Saveiro,Sedan,2016,Gasoline
286,Ford,Expedition,Sedan,2012,Gasoline
287,Ford,Escape,Sedan,2020,Diesel
288,RAM,Promaster,Hatchback,2024,Gasoline
289,Mazda,Mazda,Hatchback,2020,Gasoline
290,Audi,Q2,SUV,2022,Gasoline
291,BMW,Serie,SUV,2016,Hybrid
292,Kia,Soul,Hatchback,2022,Hybrid
293,BMW,X6,Hatchback,2012,Gasoline
294,Chevrolet,Aveo,Hatchback,2022,Hybrid
295,Audi,Q3,SUV,2015,Gasoline
296,Audi,Q2,SUV,2025,Gasoline
297,Nissan,Frontier,SUV,2020,Hybrid
298,Audi,Q2,SUV,2019,Gasoline
299,Chevrolet,Aveo,Hatchback,2020,Hybrid
300,Ford,Edge,Sedan,2014,Gasoline
301,Mercedes-Benz,Benz,Sedan,2018,Diesel
302,BMW,X1,Hatchback,2018,Gasoline
303,Hyundai,Starex,Hatchback,2019,Hybrid
304,BMW,X3,SUV,2015,Hybrid
305,Nissan,X,Sedan,2024,Diesel
306,BMW,Serie,Hatchback,2019,Hybrid
307,Ford,Bronco,Sedan,2022,Gasoline
308,Nissan,Np300,Sedan,2020,Diesel
309,Mitsubishi,L200,Hatchback,2023,Gasoline
310,Ford,Edge,Sedan,2017,Gasoline
311,BMW,X7,Hatchback,2020,Gasoline
312,Honda,Hr,Truck,2019,Hybrid
313,RAM,4000,Hatchback,2024,Gasoline
314,Volkswagen,Tera,Hatchback,2020,Gasoline
315,Audi,A5,SUV,2025,Gasoline
316,Nissan,March,Sedan,2020,Diesel
317,Volkswagen,Teramont,Hatchback,2025,Gasoline
318,Suzuki,Sx4,SUV,2012,Gasoline
319,Mazda,Mazda,Hatchback,2024,Gasoline
320,Nissan,Urvan,Sedan,2022,Diesel
321,Volkswagen,Saveiro,Truck,2020,Diesel
322,Suzuki,Swift,SUV,2025,Gasoline
323,Toyota,Prius,Hatchback,2017,Hybrid
324,Lexus,Lx,Hatchback,2023,Gasoline
325,Volkswagen,Beetle,Hatchback,2010,Gasoline
326,Suzuki,Fronx,SUV,2025,Gasoline
327,Mitsubishi,Mirage,Hatchback,2019,Gasoline
328,Volkswagen,Tiguan,Truck,2023,Gasoline
329,Mitsubishi,L200,Hatchback,2019,Gasoline
330,Volkswagen,Gol,Hatchback,2017,Diesel
331,Ford,Maverick,Sedan,2022,Gasoline
332,Jeep,Cherokee,Hatchback,2019,Diesel
333,Toyota,Sienna,Hatchback,2024,Hybrid
334,Audi,Tts,SUV,2021,Gasoline
335,Audi,Q7,SUV,2021,Gasoline
336,Jeep,Compass,Hatchback,2024,Diesel
337,Volkswagen,Tiguan,Hatchback,2014,Diesel
338,Chevrolet,Captiva,SUV,2022,Hybrid
339,Chevrolet,Captiva,Hatchback,2024,Hybrid
340,Ford,Escape,Hatchback,2018,Hybrid
341,Kia,Sportage,Hatchback,2022,Hybrid
342,Mercedes-Benz,Benz,Sedan,2015,Diesel
343,Nissan,Pathfinder,Hatchback,2016,Diesel
344,Chevrolet,Cavalier,Hatchback,2022,Hybrid
345,RAM,Ram,Hatchback,2021,Gasoline
346,Hyundai,Tucson,Sedan,2019,Hybrid
347,Volkswagen,Amarok,Hatchback,2019,Gasoline
348,Nissan,X,Sedan,2023,Gasoline
349,RAM,700,Hatchback,2024,Gasoline
350,Volkswagen,Caddy,Hatchback,2020,Gasoline
351,BMW,X2,Hatchback,2024,Gasoline
352,Nissan,Pathfinder,Sedan,2018,Gasoline
353,Nissan,Kicks,Sedan,2022,Diesel
354,Audi,Q7,SUV,2025,Gasoline
355,BMW,X5,Truck,2018,Gasoline
356,Mazda,Cx,Hatchback,2024,Gasoline
357,Chevrolet,Colorado,Hatchback,2021,Hybrid
358,Dodge,Attitude,Hatchback,2020,Gasoline
359,Mazda,Cx,Hatchback,2017,Gasoline
360,BMW,X6,Hatchback,2019,Gasoline
361,Nissan,Sentra,Sedan,2019,Diesel
362,RAM,700,Hatchback,2020,Gasoline
363,Chevrolet,Tahoe,Truck,2025,Hybrid
364,BMW,X6,Hatchback,2023,Gasoline
365,Ford,Escape,Sedan,2022,Diesel
366,Volkswagen,Teramont,Hatchback,2022,Gasoline
367,Nissan,March,Sedan,2023,Diesel
368,Audi,Q5,Sedan,2018,Gasoline
369,Volkswagen,Tiguan,Truck,2019,Diesel
370,Jeep,Compass,Hatchback,2020,Diesel
371,Ford,Escape,SUV,2021,Diesel
372,Jeep,Compass,Hatchback,2023,Diesel
373,Acura,Integra,Hatchback,2024,Gasoline
374,Kia,Sedona,Truck,2020,Gasoline
375,Ford,Expedition,Sedan,2024,Gasoline
376,Nissan,Urvan,Sedan,2020,Diesel
377,Dodge,Journey,Hatchback,2022,Gasoline
378,Mitsubishi,Montero,Hatchback,2025,Gasoline
379,Hyundai,Grand,Hatchback,2020,Hybrid
380,Infiniti,Qx60,Hatchback,2016,Gasoline
381,Mitsubishi,Mirage,Hatchback,2024,Gasoline
382,Nissan,Urvan,Sedan,2017,Diesel
383,Audi,Q8,SUV,2022,Gasoline
384,Toyota,Camry,Truck,2022,Gasoline
385,Hyundai,Accent,Hatchback,2022,Hybrid
386,Nissan,X,Hatchback,2020,Diesel
387,Honda,Cr,Hatchback,2016,Hybrid
388,BMW,X4,Hatchback,2020,Gasoline
389,Ford,Freestar,Sedan,2006,Gasoline
390,Audi,Q5,SUV,2019,Gasoline
391,Ford,F,Sedan,2025,Gasoline
392,BMW,X1,Hatchback,2017,Gasoline
393,Nissan,Pathfinder,Hatchback,2014,Diesel
394,Ford,Figo,Sedan,2019,Gasoline
395,Suzuki,Swift,SUV,2022,Gasoline
396,Honda,Insight,Truck,2022,Hybrid
397,Ford,Edge,Sedan,2021,Gasoline
398,BMW,M235,Hatchback,2020,Gasoline
399,Ford,Escape,Sedan,2016,Diesel
400,Kia,Sportage,Truck,2017,Diesel
401,Volkswagen,Cross,Hatchback,2021,Gasoline
402,Mazda,Mazda,Hatchback,2022,Gasoline
403,BMW,X7,Hatchback,2019,Gasoline
404,Ford,Escape,Sedan,2019,Diesel
405,Jeep,Grand,Hatchback,2019,Diesel
406,Infiniti,Q70,Hatchback,2016,Gasoline
407,Chevrolet,Express,Truck,2014,Gasoline
408,Dodge,Journey,Hatchback,2023,Gasoline
409,Ford,Figo,Sedan,2017,Gasoline
410,BMW,Serie,Sedan,2021,Gasoline
411,Chevrolet,Sonic,Hatchback,2017,Hybrid
412,BMW,X4,Hatchback,2022,Gasoline
413,Ford,Transit,Sedan,2024,Gasoline
414,Chevrolet,Cavalier,Hatchback,2023,Hybrid
415,Suzuki,Vitara,SUV,2021,Gasoline
416,Toyota,Ch,Hatchback,2019,Hybrid
417,Nissan,Frontier,Sedan,2022,Hybrid
418,Chevrolet,Groove,Hatchback,2022,Hybrid
419,Chevrolet,Traverse,Hatchback,2017,Hybrid
420,Audi,A1,SUV,2014,Gasoline
421,Acura,Rdx,Hatchback,2018,Gasoline
422,Volkswagen,Transporter,Sedan,2019,Hybrid
423,Ford,Maverick,Sedan,2020,Gasoline
424,Toyota,Corolla,Sedan,2020,Hybrid
425,BMW,X1,Hatchback,2022,Gasoline
426,Volkswagen,Amarok,Hatchback,2025,Gasoline
427,BMW,I5,Hatchback,2020,Gasoline
428,Ford,Bronco,Sedan,2024,Gasoline
429,Nissan,Juke,Sedan,2015,Diesel
430,Kia,Soul,Hatchback,2018,Hybrid
431,Hyundai,Hb20,Hatchback,2025,Hybrid
432,Nissan,X,SUV,2021,Hybrid
433,Ford,Edge,Sedan,2022,Gasoline
434,Jeep,Gladiator,Hatchback,2021,Diesel
435,Infiniti,Qx50,Hatchback,2021,Diesel
436,RAM,4000,Hatchback,2018,Gasoline
437,Ford,Escape,Sedan,2023,Gasoline
438,Mazda,Cx,Hatchback,2019,Gasoline
439,Toyota,Prius,Hatchback,2013,Hybrid
440,Lincoln,Mkc,Hatchback,2017,Gasoline
441,Volkswagen,Tiguan,Hatchback,2016,Gasoline
442,BMW,Serie,Hatchback,2018,Gasoline
443,Nissan,Sentra,Truck,2024,Diesel
444,Suzuki,Swift,SUV,2020,Gasoline
445,Kia,Forte,Hatchback,2017,Diesel
446,Suzuki,Ignis,SUV,2024,Gasoline
447,Nissan,Sentra,Truck,2022,Gasoline
448,Ford,Edge,Sedan,2015,Gasoline
449,Kia,Forte,Sedan,2018,Gasoline
450,BMW,Ix,Hatchback,2025,Gasoline
451,Volkswagen,Tiguan,SUV,2024,Gasoline
452,Chevrolet,Avalanche,Hatchback,2008,Hybrid
453,Audi,Sq5,SUV,2024,Gasoline
454,Ford,Edge,Sedan,2019,Gasoline
455,Hyundai,Accent,Hatchback,2020,Hybrid
456,Toyota,Highlander,Hatchback,2024,Diesel
457,Nissan,Versa,Sedan,2022,Diesel
458,Chevrolet,Traverse,Hatchback,2018,Hybrid
459,Honda,Cr,Truck,2025,Hybrid
460,Audi,Rs5,SUV,2022,Gasoline
461,Volkswagen,Saveiro,Sedan,2022,Gasoline
462,Lincoln,Aviator,Hatchback,2020,Gasoline
463,Toyota,Hiace,Hatchback,2018,Hybrid
464,Chevrolet,Cruze,Hatchback,2014,Hybrid
465,Jeep,Compass,Hatchback,2022,Diesel
466,Chevrolet,Silverado,Hatchback,2023,Hybrid
467,RAM,1200,Hatchback,2025,Gasoline
468,Kia,Soul,Hatchback,2023,Hybrid
469,Jeep,Renegade,Hatchback,2020,Diesel
470,Chevrolet,Captiva,SUV,2010,Diesel
471,Toyota,Sienna,Truck,2022,Gasoline
472,Chevrolet,Suburban,Hatchback,2019,Hybrid
473,Kia,Sportage,SUV,2016,Hybrid
474,Toyota,Sequoia,Hatchback,2019,Hybrid
475,Audi,A5,SUV,2021,Gasoline
476,Kia,K3,Hatchback,2024,Hybrid
477,Audi,Q3,SUV,2018,Gasoline
478,Chevrolet,Tahoe,Truck,2010,Gasoline
479,Volkswagen,Tiguan,Truck,2010,Hybrid
480,Nissan,Sentra,SUV,2010,Diesel
481,Hyundai,Sonata,Truck,2011,Hybrid
482,BMW,5 Series,Sedan,2013,Hybrid
483,Toyota,Camry,Truck,2011,Hybrid
484,Nissan,Pathfinder,SUV,2012,Gasoline
485,Audi,Q7,Hatchback,2010,Gasoline
486,Honda,Pilot,Truck,2012,Hybrid
487,Hyundai,Santa Fe,Truck,2015,Hybrid
488,Volkswagen,Jetta,SUV,2012,Diesel
489,Volkswagen,Tiguan,Truck,2015,Hybrid
490,Volkswagen,Tiguan,SUV,2012,Diesel
491,Ford,Escape,SUV,2012,Diesel
492,Toyota,Corolla,SUV,2011,Gasoline
493,Toyota,RAV4,SUV,2011,Gasoline
494,Nissan,Rogue,SUV,2010,Diesel
495,Ford,Mustang,Hatchback,2012,Gasoline
496,Hyundai,Santa Fe,SUV,2010,Diesel
497,Nissan,Pathfinder,SUV,2013,Gasoline
498,Hyundai,Sonata,Hatchback,2015,Hybrid
499,Nissan,Altima,SUV,2015,Gasoline
500,Nissan,Sentra,Truck,2011,Diesel
501,Ford,Explorer,Truck,2014,Gasoline
502,Mercedes-Benz,E-Class,Truck,2010,Gasoline
503,Audi,A6,Sedan,2011,Gasoline
504,Audi,A4,Truck,2010,Diesel
505,Honda,CR-V,Truck,2015,Hybrid
506,Chevrolet,Tahoe,Sedan,2010,Gasoline
507,Mercedes-Benz,C-Class,Truck,2013,Diesel
508,Hyundai,Santa Fe,Sedan,2013,Gasoline
509,Ford,Mustang,Hatchback,2011,Diesel
510,Chevrolet,Malibu,Hatchback,2014,Gasoline
511,Hyundai,Elantra,SUV,2012,Diesel
512,BMW,3 Series,Hatchback,2012,Gasoline
513,Hyundai,Tucson,SUV,2015,Hybrid
514,Volkswagen,Atlas,Truck,2012,Diesel
515,Honda,Accord,Sedan,2013,Diesel
516,Kia,Sportage,SUV,2015,Gasoline
517,BMW,X5,Hatchback,2010,Diesel
518,Chevrolet,Silverado,Sedan,2014,Diesel
519,Ford,Explorer,Sedan,2014,Diesel
520,Ford,Explorer,SUV,2015,Diesel
521,Chevrolet,Silverado,Hatchback,2015,Hybrid
522,Mercedes-Benz,GLE,Sedan,2013,Gasoline
523,Hyundai,Tucson,Hatchback,2010,Diesel
524,Hyundai,Tucson,Sedan,2013,Gasoline
525,Ford,Explorer,Truck,2012,Diesel
526,Mercedes-Benz,E-Class,Sedan,2013,Hybrid
527,Volkswagen,Jetta,Truck,2014,Gasoline
528,Mercedes-Benz,C-Class,Truck,2010,Gasoline
529,Toyota,Corolla,SUV,2015,Gasoline
530,Ford,Explorer,Truck,2013,Hybrid
531,BMW,3 Series,Truck,2010,Diesel
532,Toyota,RAV4,SUV,2015,Gasoline
533,Toyota,Corolla,Sedan,2010,Hybrid
534,Audi,Q7,SUV,2014,Hybrid
535,BMW,3 Series,Hatchback,2011,Diesel
536,Chevrolet,Silverado,Sedan,2014,Hybrid
537,Kia,Sorento,Hatchback,2013,Gasoline
538,Chevrolet,Silverado,Hatchback,2014,Diesel
539,Volkswagen,Atlas,Hatchback,2014,Gasoline
540,Audi,A4,Truck,2012,Hybrid
541,Chevrolet,Malibu,Sedan,2012,Hybrid
542,Volkswagen,Atlas,SUV,2011,Gasoline
543,Chevrolet,Silverado,Hatchback,2015,Gasoline
544,Hyundai,Tucson,Hatchback,2010,Hybrid
545,Volkswagen,Passat,Sedan,2013,Gasoline
546,BMW,X3,Hatchback,2011,Hybrid
547,Toyota,Highlander,Truck,2011,Diesel
548,Ford,Mustang,SUV,2015,Hybrid
549,Honda,Accord,Hatchback,2014,Diesel
550,Ford,F-150,Sedan,2012,Gasoline
551,Hyundai,Tucson,Truck,2011,Hybrid
552,Kia,Optima,Truck,2013,Hybrid
553,Honda,Pilot,Sedan,2010,Hybrid
554,Kia,Sportage,Sedan,2013,Gasoline
555,Kia,Optima,Sedan,2013,Diesel
556,Audi,Q5,Hatchback,2010,Diesel
557,Mercedes-Benz,GLE,Hatchback,2015,Hybrid
558,Kia,Optima,SUV,2010,Diesel
559,Ford,Escape,Sedan,2013,Diesel
560,Audi,Q5,Sedan,2013,Diesel
561,Volkswagen,Passat,Hatchback,2013,Diesel
562,Chevrolet,Tahoe,Truck,2011,Diesel
563,Ford,Explorer,Truck,2010,Gasoline
564,Toyota,Highlander,Hatchback,2010,Hybrid
565,Chevrolet,Malibu,Hatchback,2013,Gasoline
566,Nissan,Altima,Hatchback,2012,Diesel
567,Nissan,Rogue,Truck,2015,Gasoline
568,Mercedes-Benz,E-Class,Sedan,2015,Diesel
569,Honda,Pilot,SUV,2010,Hybrid
570,Ford,F-150,Hatchback,2014,Gasoline
571,Ford,Explorer,Sedan,2014,Gasoline
572,Mercedes-Benz,GLE,SUV,2011,Hybrid
573,BMW,X5,Hatchback,2014,Hybrid
574,Volkswagen,Atlas,Sedan,2014,Hybrid
575,Nissan,Pathfinder,Hatchback,2014,Gasoline
576,Volkswagen,Tiguan,Sedan,2010,Hybrid
577,Nissan,Rogue,Sedan,2012,Hybrid
578,Hyundai,Santa Fe,SUV,2011,Diesel
579,Toyota,Camry,Truck,2012,Diesel
580,Toyota,RAV4,Hatchback,2014,Gasoline
581,Hyundai,Sonata,Truck,2015,Diesel
582,Nissan,Rogue,Truck,2016,Diesel
583,Toyota,RAV4,Hatchback,2016,Hybrid
584,Ford,Mustang,SUV,2018,Hybrid
585,Honda,Accord,Sedan,2017,Diesel
586,Honda,Accord,SUV,2016,Diesel
587,Audi,A6,Truck,2016,Gasoline
588,Nissan,Rogue,SUV,2016,Hybrid
589,Hyundai,Elantra,SUV,2016,Gasoline
590,Hyundai,Sonata,Hatchback,2018,Hybrid
591,Hyundai,Elantra,SUV,2017,Diesel
592,Honda,Civic,Truck,2016,Hybrid
593,Honda,Accord,SUV,2016,Gasoline
594,Audi,Q7,SUV,2017,Diesel
595,Nissan,Pathfinder,SUV,2018,Gasoline
596,Honda,CR-V,Hatchback,2017,Gasoline
597,Hyundai,Sonata,Hatchback,2018,Gasoline
598,Kia,Sportage,Sedan,2017,Hybrid
599,Hyundai,Elantra,Hatchback,2016,Hybrid
600,Volkswagen,Tiguan,SUV,2017,Gasoline
601,Kia,Forte,Sedan,2018,Hybrid
602,BMW,X5,Hatchback,2018,Diesel
603,Audi,Q7,SUV,2018,Diesel
604,Volkswagen,Tiguan,Truck,2017,Gasoline
605,Audi,A6,Truck,2017,Hybrid
606,BMW,X5,Hatchback,2018,Gasoline
607,Volkswagen,Jetta,Hatchback,2018,Diesel
608,Nissan,Altima,Sedan,2017,Diesel
609,Toyota,Camry,Truck,2017,Hybrid
610,Audi,Q7,Hatchback,2016,Gasoline
611,Toyota,Corolla,SUV,2016,Hybrid
612,BMW,3 Series,SUV,2017,Diesel
613,Audi,A6,Hatchback,2018,Gasoline
614,Toyota,Camry,SUV,2016,Diesel
615,Mercedes-Benz,GLC,Hatchback,2017,Diesel
616,Audi,A4,SUV,2017,Hybrid
617,Chevrolet,Equinox,Hatchback,2017,Diesel
618,Hyundai,Tucson,SUV,2018,Gasoline
619,Nissan,Altima,Sedan,2016,Diesel
620,Chevrolet,Equinox,Truck,2016,Diesel
621,Hyundai,Sonata,Truck,2016,Gasoline
622,Chevrolet,Equinox,Truck,2016,Hybrid
623,Nissan,Pathfinder,Sedan,2017,Hybrid
624,Toyota,Highlander,Truck,2016,Gasoline
625,Ford,Explorer,SUV,2017,Diesel
626,Toyota,Camry,Hatchback,2018,Hybrid
627,Ford,F-150,Hatchback,2018,Diesel
628,Toyota,Corolla,Truck,2016,Gasoline
629,Honda,Civic,Truck,2018,Diesel
630,Kia,Sorento,Sedan,2017,Diesel
631,Ford,F-150,SUV,2016,Gasoline
632,BMW,X3,Truck,2017,Gasoline
633,Toyota,Corolla,SUV,2018,Gasoline
634,Kia,Optima,Truck,2017,Gasoline
635,Hyundai,Elantra,Sedan,2018,Hybrid
636,Chevrolet,Tahoe,Truck,2016,Gasoline
637,Mercedes-Benz,GLE,SUV,2017,Gasoline
638,Mercedes-Benz,GLE,Truck,2016,Diesel
639,Kia,Optima,Truck,2016,Gasoline
640,Honda,Accord,Hatchback,2016,Diesel
641,Volkswagen,Atlas,Sedan,2017,Hybrid
642,Chevrolet,Tahoe,Sedan,2018,Hybrid
643,BMW,X5,Sedan,2017,Hybrid
644,Hyundai,Santa Fe,Truck,2018,Diesel
645,Kia,Sportage,Hatchback,2017,Hybrid
646,Volkswagen,Atlas,Sedan,2016,Diesel
647,Volkswagen,Jetta,Hatchback,2016,Diesel
648,Ford,Escape,Sedan,2016,Gasoline
649,Audi,A6,Truck,2018,Hybrid
650,BMW,X5,Truck,2018,Hybrid
651,Hyundai,Sonata,SUV,2017,Gasoline
652,Honda,Pilot,Sedan,2017,Gasoline
653,Honda,Accord,SUV,2017,Hybrid
654,Toyota,Corolla,Hatchback,2016,Hybrid
655,Nissan,Rogue,Sedan,2018,Diesel
656,Audi,A6,SUV,2017,Gasoline
657,Mercedes-Benz,C-Class,SUV,2017,Hybrid
658,Hyundai,Tucson,SUV,2017,Hybrid
659,BMW,X3,SUV,2016,Hybrid
660,Honda,CR-V,Hatchback,2016,Hybrid
661,Toyota,Camry,Sedan,2017,Hybrid
662,Audi,Q5,Truck,2016,Diesel
663,Honda,CR-V,SUV,2018,Hybrid
664,Honda,Civic,Sedan,2016,Hybrid
665,Nissan,Rogue,Hatchback,2018,Gasoline
666,Chevrolet,Malibu,Sedan,2017,Diesel
667,Nissan,Sentra,Truck,2017,Hybrid
668,Chevrolet,Malibu,SUV,2017,Hybrid
669,Mercedes-Benz,GLE,Sedan,2017,Diesel
670,Chevrolet,Silverado,Hatchback,2018,Hybrid
671,Ford,Explorer,Sedan,2017,Gasoline
672,Audi,Q5,Hatchback,2016,Diesel
673,Audi,A4,Truck,2018,Gasoline
674,Mercedes-Benz,GLC,SUV,2017,Gasoline
675,Honda,Civic,Sedan,2018,Hybrid
676,Honda,Civic,Truck,2018,Hybrid
677,Hyundai,Santa Fe,Hatchback,2021,Diesel
678,Honda,CR-V,Truck,2021,Gasoline
679,Kia,Optima,SUV,2022,Hybrid
680,Nissan,Pathfinder,Sedan,2021,Gasoline
681,BMW,3 Series,Truck,2023,Hybrid
682,Honda,Civic,Hatchback,2019,Hybrid
683,BMW,3 Series,Hatchback,2019,Hybrid
684,BMW,3 Series,Hatchback,2020,Gasoline
685,Mercedes-Benz,E-Class,SUV,2020,Diesel
686,Volkswagen,Jetta,Sedan,2023,Hybrid
687,Nissan,Pathfinder,Sedan,2021,Hybrid
688,Hyundai,Sonata,Sedan,2019,Gasoline
689,Audi,Q5,Sedan,2023,Hybrid
690,Chevrolet,Malibu,Hatchback,2023,Diesel
691,Mercedes-Benz,E-Class,Sedan,2023,Hybrid
692,Hyundai,Sonata,Truck,2022,Hybrid
693,Audi,Q7,Truck,2019,Hybrid
694,Hyundai,Sonata,Truck,2021,Hybrid
695,Mercedes-Benz,C-Class,SUV,2020,Diesel
696,Toyota,RAV4,Truck,2019,Diesel
697,Kia,Sorento,Hatchback,2022,Hybrid
698,Kia,Optima,Truck,2023,Gasoline
699,Toyota,Camry,Truck,2019,Diesel
700,Toyota,Highlander,Hatchback,2020,Diesel
701,Mercedes-Benz,GLE,SUV,2019,Hybrid
702,Mercedes-Benz,C-Class,Sedan,2020,Gasoline
703,Honda,Accord,Truck,2023,Hybrid
704,BMW,X3,Hatchback,2020,Diesel
705,Audi,Q7,SUV,2021,Hybrid
706,Honda,CR-V,Hatchback,2021,Diesel
707,BMW,5 Series,Hatchback,2019,Diesel
708,Mercedes-Benz,GLC,SUV,2021,Hybrid
709,Hyundai,Sonata,Sedan,2022,Gasoline
710,Honda,Civic,Sedan,2021,Gasoline
711,Toyota,Camry,Hatchback,2019,Gasoline
712,Volkswagen,Atlas,Hatchback,2021,Gasoline
713,Ford,Mustang,Hatchback,2023,Diesel
714,Chevrolet,Silverado,Truck,2020,Diesel
715,BMW,X5,Hatchback,2022,Gasoline
716,Toyota,Corolla,Sedan,2019,Gasoline
717,Honda,CR-V,Sedan,2023,Diesel
718,Volkswagen,Jetta,SUV,2019,Hybrid
719,Hyundai,Sonata,Hatchback,2019,Hybrid
720,Mercedes-Benz,C-Class,Hatchback,2019,Gasoline
721,Toyota,RAV4,SUV,2023,Hybrid
722,Audi,A4,Sedan,2021,Diesel
723,Toyota,Corolla,SUV,2019,Gasoline
724,Audi,Q5,Truck,2022,Gasoline
725,Honda,Civic,Hatchback,2023,Gasoline
726,Chevrolet,Silverado,Sedan,2022,Gasoline
727,Mercedes-Benz,GLE,Sedan,2023,Gasoline
728,BMW,X5,Sedan,2023,Gasoline
729,Toyota,Camry,Truck,2023,Diesel
730,Chevrolet,Silverado,Hatchback,2022,Diesel
731,Mercedes-Benz,GLE,Hatchback,2023,Hybrid
732,Honda,Accord,Truck,2021,Hybrid
733,Mercedes-Benz,GLC,SUV,2023,Hybrid
734,Mercedes-Benz,GLE,Truck,2022,Diesel
735,Audi,Q7,Sedan,2019,Gasoline
736,Mercedes-Benz,E-Class,SUV,2021,Diesel
737,Chevrolet,Malibu,Truck,2020,Hybrid
738,Kia,Forte,SUV,2020,Hybrid
739,Volkswagen,Atlas,Sedan,2022,Gasoline
740,Mercedes-Benz,E-Class,Hatchback,2020,Gasoline
741,Mercedes-Benz,GLE,SUV,2023,Gasoline
742,Kia,Forte,Truck,2020,Gasoline
743,Mercedes-Benz,GLC,SUV,2020,Diesel
744,Volkswagen,Jetta,Hatchback,2022,Gasoline
745,Hyundai,Elantra,Truck,2019,Hybrid
746,Hyundai,Tucson,Truck,2023,Diesel
747,Toyota,Highlander,Sedan,2019,Diesel
748,Toyota,Highlander,Sedan,2021,Gasoline
749,Honda,Pilot,Sedan,2020,Diesel
750,Audi,Q7,Sedan,2021,Gasoline
751,Mercedes-Benz,GLC,Sedan,2019,Diesel
752,Kia,Optima,Hatchback,2020,Diesel
753,BMW,X3,SUV,2022,Hybrid
754,Kia,Sorento,Sedan,2019,Diesel
755,Honda,Accord,SUV,2021,Diesel
756,Audi,A4,Truck,2022,Gasoline
757,Chevrolet,Equinox,Hatchback,2023,Hybrid
758,Volkswagen,Atlas,Hatchback,2021,Hybrid
759,Hyundai,Tucson,Truck,2021,Diesel
760,BMW,X3,SUV,2022,Diesel
761,Toyota,Corolla,SUV,2021,Gasoline
762,Audi,Q7,Sedan,2019,Diesel
763,Ford,F-150,Truck,2023,Gasoline
764,Mercedes-Benz,GLC,Truck,2022,Hybrid
765,Mercedes-Benz,C-Class,SUV,2022,Diesel
766,Nissan,Rogue,Hatchback,2020,Hybrid
767,Nissan,Pathfinder,Hatchback,2022,Diesel
768,Toyota,Corolla,SUV,2019,Hybrid
769,BMW,3 Series,Truck,2022,Hybrid
770,Nissan,Altima,Truck,2020,Gasoline
771,Ford,F-150,SUV,2022,Diesel
772,Honda,Accord,Hatchback,2022,Hybrid
773,Nissan,Sentra,Truck,2015,Gasoline
774,Toyota,RAV4,Sedan,2010,Diesel
775,BMW,X3,Hatchback,2011,Gasoline
776,Honda,Accord,SUV,2013,Hybrid
777,Audi,A6,Truck,2014,Hybrid
778,Volkswagen,Passat,SUV,2015,Gasoline
779,Hyundai,Santa Fe,Hatchback,2015,Gasoline
780,BMW,X3,SUV,2013,Hybrid
781,Nissan,Pathfinder,Sedan,2014,Hybrid
782,Chevrolet,Tahoe,SUV,2010,Hybrid
783,Toyota,Corolla,Hatchback,2013,Hybrid
784,Toyota,Highlander,Hatchback,2012,Diesel
785,Audi,Q5,Hatchback,2013,Gasoline
786,Ford,Mustang,Sedan,2014,Hybrid
787,Honda,CR-V,Truck,2015,Diesel
788,Mercedes-Benz,GLE,Sedan,2014,Hybrid
789,Mercedes-Benz,C-Class,Hatchback,2012,Gasoline
790,Toyota,Camry,Sedan,2010,Diesel
791,Audi,A6,Sedan,2013,Diesel
792,Kia,Optima,Hatchback,2014,Hybrid
793,Hyundai,Tucson,Sedan,2013,Diesel
794,Nissan,Rogue,SUV,2015,Hybrid
795,Honda,Pilot,Truck,2013,Diesel
796,Audi,Q5,SUV,2010,Gasoline
797,Volkswagen,Tiguan,Sedan,2011,Hybrid
798,Chevrolet,Tahoe,Sedan,2012,Gasoline
799,Chevrolet,Malibu,SUV,2010,Hybrid
800,Mercedes-Benz,GLC,Sedan,2011,Hybrid
801,Audi,A4,Sedan,2014,Hybrid
802,Hyundai,Sonata,SUV,2010,Gasoline
803,Nissan,Rogue,Sedan,2014,Diesel
804,Nissan,Altima,Hatchback,2013,Diesel
805,Hyundai,Elantra,SUV,2011,Hybrid
806,Honda,CR-V,Sedan,2012,Diesel
807,Audi,A4,Truck,2011,Gasoline
808,Volkswagen,Jetta,Sedan,2013,Diesel
809,Mercedes-Benz,C-Class,Sedan,2011,Diesel
810,Honda,Accord,SUV,2012,Gasoline
811,Audi,A4,Truck,2011,Diesel
812,Audi,Q5,Sedan,2010,Diesel
813,Kia,Optima,SUV,2014,Gasoline
814,Honda,Civic,Truck,2014,Hybrid
815,Kia,Sorento,Truck,2015,Hybrid
816,Hyundai,Santa Fe,Hatchback,2010,Hybrid
817,Chevrolet,Equinox,SUV,2010,Hybrid
818,Nissan,Sentra,Truck,2012,Gasoline
819,Honda,Accord,Sedan,2012,Diesel
820,Kia,Sorento,Truck,2015,Gasoline
821,Volkswagen,Passat,Hatchback,2012,Hybrid
822,Nissan,Sentra,Hatchback,2012,Diesel
823,Toyota,Camry,SUV,2013,Hybrid
824,Kia,Sorento,Sedan,2015,Hybrid
825,Hyundai,Santa Fe,Hatchback,2015,Diesel
826,Mercedes-Benz,GLE,Hatchback,2014,Diesel
827,Hyundai,Sonata,Hatchback,2013,Hybrid
828,Ford,Explorer,Truck,2014,Diesel
829,Nissan,Sentra,Truck,2015,Diesel
830,Audi,Q7,SUV,2010,Hybrid
831,Toyota,Corolla,Hatchback,2011,Hybrid
832,Volkswagen,Passat,Truck,2013,Diesel
833,Chevrolet,Malibu,SUV,2010,Diesel
834,Hyundai,Elantra,Hatchback,2011,Hybrid
835,Ford,F-150,Hatchback,2010,Diesel
836,Audi,A6,Hatchback,2015,Gasoline
837,Hyundai,Santa Fe,Sedan,2011,Gasoline
838,Nissan,Rogue,Sedan,2012,Diesel
839,Toyota,Corolla,SUV,2014,Diesel
840,Volkswagen,Jetta,Hatchback,2011,Hybrid
841,Kia,Sportage,SUV,2015,Diesel
842,Volkswagen,Atlas,Hatchback,2013,Gasoline
843,Nissan,Sentra,Sedan,2012,Gasoline
844,Ford,Mustang,SUV,2012,Gasoline
845,BMW,5 Series,SUV,2011,Hybrid
846,Mercedes-Benz,GLE,Sedan,2012,Hybrid
847,Ford,F-150,SUV,2010,Hybrid
848,Audi,Q5,Truck,2011,Gasoline
849,Chevrolet,Malibu,SUV,2015,Hybrid
850,Kia,Forte,SUV,2014,Hybrid
851,BMW,3 Series,Truck,2011,Diesel
852,Ford,Mustang,Hatchback,2011,Gasoline
853,Audi,Q5,Truck,2013,Gasoline
854,Nissan,Altima,Sedan,2014,Gasoline
855,Mercedes-Benz,C-Class,SUV,2012,Hybrid
856,Ford,F-150,Sedan,2015,Diesel
857,Mercedes-Benz,E-Class,SUV,2014,Diesel
858,Kia,Sorento,Truck,2010,Hybrid
859,Mercedes-Benz,C-Class,Sedan,2014,Hybrid
860,Ford,Mustang,Hatchback,2013,Hybrid
861,Ford,Mustang,Sedan,2010,Hybrid
862,Chevrolet,Equinox,Sedan,2012,Hybrid
863,BMW,5 Series,Sedan,2012,Gasoline
864,Hyundai,Santa Fe,Hatchback,2012,Hybrid
865,Volkswagen,Jetta,Hatchback,2013,Hybrid
866,Ford,Escape,Sedan,2011,Hybrid
867,Toyota,Highlander,Truck,2010,Hybrid
868,Hyundai,Sonata,Sedan,2014,Gasoline
869,Chevrolet,Tahoe,Sedan,2013,Hybrid
870,Audi,Q7,Hatchback,2013,Diesel
871,BMW,X5,Hatchback,2015,Diesel
872,Nissan,Sentra,SUV,2010,Hybrid
873,Nissan,Altima,SUV,2012,Gasoline
874,Toyota,Highlander,SUV,2011,Gasoline
875,BMW,X3,Hatchback,2014,Gasoline
876,Hyundai,Santa Fe,Truck,2012,Hybrid
877,Honda,Accord,Hatchback,2011,Hybrid
878,Audi,A4,Sedan,2014,Gasoline
879,Volkswagen,Atlas,Hatchback,2018,Hybrid
880,Toyota,Corolla,Truck,2018,Gasoline
881,Hyundai,Santa Fe,Sedan,2017,Diesel
882,Nissan,Sentra,Truck,2018,Diesel
883,Toyota,RAV4,Sedan,2016,Gasoline
884,Volkswagen,Atlas,Truck,2017,Diesel
885,Chevrolet,Malibu,Hatchback,2016,Hybrid
886,Toyota,Camry,SUV,2018,Gasoline
887,Ford,Escape,Hatchback,2018,Gasoline
888,Honda,Pilot,Hatchback,2018,Hybrid
889,Volkswagen,Passat,SUV,2018,Gasoline
890,Mercedes-Benz,E-Class,SUV,2016,Hybrid
891,Hyundai,Elantra,Hatchback,2016,Gasoline
892,Volkswagen,Jetta,Hatchback,2017,Gasoline
893,Chevrolet,Equinox,SUV,2018,Hybrid
894,Audi,A6,Truck,2018,Gasoline
895,Hyundai,Sonata,SUV,2017,Hybrid
896,Chevrolet,Silverado,SUV,2018,Gasoline
897,BMW,X3,Hatchback,2018,Gasoline
898,Mercedes-Benz,C-Class,Hatchback,2017,Diesel
899,Audi,A4,Sedan,2017,Hybrid
900,Toyota,Highlander,Truck,2017,Hybrid
901,Nissan,Pathfinder,Truck,2018,Diesel
902,Hyundai,Santa Fe,Hatchback,2018,Hybrid
903,BMW,5 Series,Hatchback,2018,Gasoline
904,Audi,Q7,SUV,2018,Hybrid
905,Toyota,Camry,SUV,2016,Gasoline
906,Nissan,Pathfinder,Hatchback,2016,Hybrid
907,Chevrolet,Silverado,Sedan,2016,Gasoline
908,Toyota,Highlander,Hatchback,2017,Gasoline
909,Ford,Mustang,Sedan,2018,Gasoline
910,Chevrolet,Silverado,SUV,2016,Gasoline
911,Kia,Optima,Hatchback,2017,Gasoline
912,Mercedes-Benz,GLC,Hatchback,2018,Hybrid
913,Volkswagen,Passat,SUV,2016,Diesel
914,Mercedes-Benz,C-Class,Sedan,2018,Diesel
915,Nissan,Sentra,Sedan,2017,Hybrid
916,Hyundai,Elantra,Hatchback,2017,Gasoline
917,Mercedes-Benz,GLE,Sedan,2017,Gasoline
918,Toyota,Camry,SUV,2017,Hybrid
919,Ford,Mustang,Sedan,2016,Hybrid
920,Chevrolet,Tahoe,Truck,2017,Gasoline
921,Honda,Civic,Hatchback,2016,Diesel
922,Audi,A4,Sedan,2016,Diesel
923,Nissan,Pathfinder,SUV,2016,Diesel
924,Nissan,Pathfinder,Truck,2017,Diesel
925,Hyundai,Santa Fe,Hatchback,2017,Diesel
926,Mercedes-Benz,GLE,Truck,2017,Diesel
927,Volkswagen,Passat,Truck,2017,Diesel
928,Ford,Escape,Truck,2018,Hybrid
929,Honda,CR-V,Truck,2016,Diesel
930,Ford,Mustang,Sedan,2017,Gasoline
931,Ford,Explorer,SUV,2016,Hybrid
932,Ford,F-150,SUV,2016,Hybrid
933,Honda,Pilot,SUV,2016,Hybrid
934,Chevrolet,Tahoe,SUV,2018,Hybrid
935,Nissan,Pathfinder,Sedan,2017,Gasoline
936,Volkswagen,Tiguan,Sedan,2017,Gasoline
937,Nissan,Altima,Sedan,2016,Gasoline
938,Kia,Forte,Hatchback,2017,Hybrid
939,Chevrolet,Equinox,Hatchback,2017,Hybrid
940,BMW,3 Series,Sedan,2018,Gasoline
941,Ford,F-150,Sedan,2018,Diesel
942,Audi,A6,SUV,2017,Diesel
943,Volkswagen,Jetta,Hatchback,2018,Hybrid
944,Chevrolet,Malibu,Truck,2018,Gasoline
945,BMW,X3,Truck,2016,Gasoline
946,Chevrolet,Malibu,Truck,2018,Diesel
947,Ford,F-150,Sedan,2016,Hybrid
948,Nissan,Pathfinder,Hatchback,2018,Diesel
949,Chevrolet,Equinox,Hatchback,2016,Diesel
950,Mercedes-Benz,E-Class,Hatchback,2016,Diesel
951,Ford,Escape,SUV,2018,Hybrid
952,Audi,A6,Sedan,2017,Hybrid
953,Hyundai,Santa Fe,SUV,2017,Gasoline
954,Hyundai,Tucson,Hatchback,2017,Hybrid
955,Toyota,RAV4,Truck,2016,Diesel
956,Toyota,Camry,Truck,2018,Diesel
957,Nissan,Altima,SUV,2018,Diesel
958,Volkswagen,Atlas,SUV,2018,Gasoline
959,Nissan,Altima,SUV,2016,Hybrid
960,BMW,X5,SUV,2016,Diesel
961,Audi,A6,Hatchback,2017,Hybrid
962,Audi,A4,Sedan,2016,Gasoline
963,Toyota,RAV4,SUV,2017,Diesel
964,Volkswagen,Atlas,Truck,2016,Hybrid
965,Toyota,Corolla,SUV,2016,Diesel
966,Kia,Optima,Sedan,2018,Diesel
967,Nissan,Rogue,Sedan,2016,Gasoline
968,Toyota,Highlander,Hatchback,2017,Diesel
969,Honda,Civic,Sedan,2021,Diesel
970,Volkswagen,Jetta,Truck,2023,Diesel
971,Hyundai,Elantra,Sedan,2023,Hybrid
972,BMW,X3,Sedan,2020,Gasoline
973,Nissan,Rogue,Hatchback,2023,Diesel
974,Honda,Accord,SUV,2021,Gasoline
975,Toyota,Corolla,Sedan,2022,Gasoline
976,Mercedes-Benz,E-Class,Truck,2020,Diesel
977,Kia,Forte,Truck,2021,Gasoline
978,Mercedes-Benz,E-Class,Truck,2020,Gasoline
979,Chevrolet,Equinox,Truck,2022,Hybrid
980,BMW,X5,Truck,2022,Gasoline
981,Hyundai,Santa Fe,SUV,2019,Hybrid
982,Hyundai,Santa Fe,Truck,2022,Hybrid
983,Chevrolet,Silverado,Hatchback,2022,Hybrid
984,Kia,Forte,SUV,2021,Diesel
985,Mercedes-Benz,C-Class,SUV,2022,Hybrid
986,Honda,Civic,Sedan,2019,Hybrid
987,Mercedes-Benz,GLE,SUV,2020,Hybrid
988,Audi,A4,Hatchback,2023,Gasoline
989,Audi,Q5,Hatchback,2021,Diesel
990,Nissan,Pathfinder,Sedan,2020,Hybrid
991,Volkswagen,Jetta,Hatchback,2020,Hybrid
992,Hyundai,Elantra,Sedan,2023,Gasoline
993,Kia,Forte,Hatchback,2023,Gasoline
994,Audi,Q5,SUV,2021,Hybrid
995,Nissan,Rogue,Hatchback,2023,Hybrid
996,Honda,Civic,Truck,2022,Gasoline
997,Volkswagen,Passat,Hatchback,2023,Diesel
998,Mercedes-Benz,GLC,Sedan,2020,Gasoline
999,Nissan,Altima,Hatchback,2022,Diesel
1000,Audi,Q5,SUV,2023,Diesel
1001,Toyota,RAV4,Hatchback,2021,Diesel
1002,BMW,5 Series,Truck,2022,Hybrid
1003,Audi,Q5,Hatchback,2023,Gasoline
1004,Kia,Sorento,Hatchback,2023,Hybrid
1005,Kia,Optima,Truck,2022,Diesel
1006,Volkswagen,Tiguan,Hatchback,2022,Hybrid
1007,Toyota,Corolla,Hatchback,2021,Gasoline
1008,Honda,Accord,Sedan,2020,Hybrid
1009,Toyota,Highlander,Sedan,2021,Diesel
1010,Chevrolet,Malibu,Hatchback,2021,Gasoline
1011,Kia,Sportage,Sedan,2023,Gasoline
1012,Volkswagen,Jetta,SUV,2020,Diesel
1013,BMW,5 Series,Truck,2019,Diesel
1014,Toyota,RAV4,Truck,2021,Hybrid
1015,Honda,CR-V,Truck,2023,Hybrid
1016,Mercedes-Benz,E-Class,Truck,2022,Diesel
1017,Chevrolet,Malibu,Hatchback,2019,Diesel
1018,BMW,X3,Truck,2020,Hybrid
1019,Hyundai,Elantra,Hatchback,2021,Hybrid
1020,Mercedes-Benz,GLC,Sedan,2020,Hybrid
1021,Mercedes-Benz,E-Class,SUV,2019,Gasoline
1022,Audi,A6,Sedan,2019,Gasoline
1023,Audi,A6,SUV,2021,Diesel
1024,Nissan,Altima,Hatchback,2019,Diesel
1025,Nissan,Rogue,Truck,2019,Gasoline
1026,Mercedes-Benz,GLE,Truck,2020,Hybrid
1027,Hyundai,Sonata,SUV,2021,Gasoline
1028,Audi,Q5,SUV,2021,Diesel
1029,Nissan,Sentra,Truck,2020,Gasoline
1030,Hyundai,Santa Fe,Truck,2021,Diesel
1031,BMW,X3,SUV,2021,Hybrid
1032,Nissan,Altima,SUV,2019,Gasoline
1033,Hyundai,Sonata,Truck,2022,Gasoline
1034,Honda,Civic,Truck,2021,Diesel
1035,Ford,Explorer,Truck,2021,Gasoline
1036,Honda,Accord,SUV,2022,Gasoline
1037,Chevrolet,Malibu,Hatchback,2023,Hybrid
1038,Toyota,RAV4,Sedan,2019,Hybrid
1039,Kia,Sorento,Hatchback,2023,Diesel
1040,Ford,F-150,Sedan,2023,Gasoline
1041,Honda,Civic,SUV,2020,Diesel
1042,Kia,Sportage,SUV,2022,Hybrid
1043,Audi,A4,Truck,2023,Gasoline
1044,Toyota,Highlander,Sedan,2019,Hybrid
1045,Chevrolet,Tahoe,Truck,2023,Diesel
1046,Hyundai,Santa Fe,Truck,2022,Gasoline
1047,Chevrolet,Equinox,Hatchback,2020,Diesel
1048,BMW,X5,SUV,2021,Hybrid
1049,Volkswagen,Passat,Truck,2023,Diesel
1050,Volkswagen,Jetta,Truck,2022,Gasoline
1051,Chevrolet,Malibu,Hatchback,2021,Hybrid
1052,Honda,Accord,Hatchback,2020,Diesel
1053,Ford,Explorer,Truck,2020,Gasoline
1054,Audi,Q5,SUV,2022,Hybrid
1055,Volkswagen,Tiguan,Sedan,2021,Gasoline
1056,Nissan,Altima,Sedan,2020,Diesel
1057,Ford,F-150,Hatchback,2022,Gasoline
1058,Mercedes-Benz,GLE,Sedan,2019,Gasoline
1059,Kia,Sorento,Truck,2019,Hybrid
1060,Volkswagen,Tiguan,SUV,2022,Gasoline
1061,Hyundai,Elantra,SUV,2023,Diesel
1062,Mercedes-Benz,GLE,SUV,2022,Gasoline
1063,Nissan,Rogue,Sedan,2023,Diesel
1064,Chevrolet,Malibu,Truck,2022,Gasoline
1065,Nissan,Sentra,SUV,2023,Hybrid
1066,Mercedes-Benz,E-Class,Sedan,2015,Gasoline
1067,Hyundai,Tucson,SUV,2010,Hybrid
1068,Audi,A6,Hatchback,2012,Diesel
1069,Honda,Civic,Truck,2010,Gasoline
1070,Nissan,Sentra,Truck,2012,Diesel
1071,Honda,Pilot,SUV,2011,Gasoline
1072,Ford,F-150,SUV,2014,Diesel
1073,Mercedes-Benz,GLC,SUV,2012,Gasoline
1074,Honda,Accord,SUV,2014,Diesel
1075,Volkswagen,Atlas,Hatchback,2012,Gasoline
1076,Audi,Q7,SUV,2015,Gasoline
1077,Nissan,Sentra,Sedan,2010,Diesel
1078,Mercedes-Benz,GLC,Hatchback,2012,Diesel
1079,Ford,F-150,Sedan,2013,Gasoline
1080,Audi,A4,SUV,2012,Hybrid
1081,Toyota,Highlander,Hatchback,2014,Diesel
1082,Kia,Optima,Truck,2014,Gasoline
1083,Chevrolet,Tahoe,SUV,2011,Hybrid
1084,Ford,F-150,Hatchback,2015,Gasoline
1085,Toyota,Camry,Sedan,2011,Gasoline
1086,Honda,Accord,Sedan,2015,Gasoline
1087,Hyundai,Sonata,Truck,2011,Gasoline
1088,Nissan,Rogue,Truck,2015,Diesel
1089,Chevrolet,Equinox,Sedan,2014,Gasoline
1090,BMW,3 Series,Sedan,2015,Hybrid
1091,Volkswagen,Passat,Sedan,2015,Hybrid
1092,Audi,Q5,SUV,2013,Diesel
1093,Toyota,Corolla,Truck,2011,Gasoline
1094,Hyundai,Elantra,Hatchback,2014,Gasoline
1095,Nissan,Altima,Truck,2015,Gasoline
1096,Honda,Civic,SUV,2013,Gasoline
1097,Kia,Optima,Sedan,2011,Hybrid
1098,Kia,Optima,SUV,2011,Hybrid
1099,Toyota,Highlander,Truck,2015,Hybrid
1100,Kia,Sorento,Hatchback,2010,Diesel
1101,Toyota,Camry,Hatchback,2015,Diesel
1102,Nissan,Altima,SUV,2014,Hybrid
1103,Honda,Civic,Hatchback,2015,Hybrid
1104,Nissan,Rogue,SUV,2014,Gasoline
1105,Mercedes-Benz,C-Class,Truck,2015,Diesel
1106,Audi,A6,SUV,2011,Gasoline
1107,Volkswagen,Atlas,Truck,2010,Gasoline
1108,Nissan,Rogue,Hatchback,2012,Gasoline
1109,Kia,Sorento,SUV,2011,Diesel
1110,Kia,Sportage,SUV,2013,Diesel
1111,Nissan,Rogue,Truck,2011,Gasoline
1112,Kia,Sportage,SUV,2011,Gasoline
1113,Audi,Q5,Sedan,2013,Gasoline
1114,Toyota,RAV4,Sedan,2015,Diesel
1115,Ford,Explorer,Sedan,2010,Hybrid
1116,Mercedes-Benz,GLC,Sedan,2013,Diesel
1117,Honda,Pilot,Truck,2011,Hybrid
1118,Audi,A6,Truck,2010,Hybrid
1119,Chevrolet,Equinox,Truck,2010,Gasoline
1120,Nissan,Pathfinder,Hatchback,2012,Hybrid
1121,Hyundai,Elantra,Sedan,2011,Diesel
1122,Toyota,Corolla,SUV,2011,Diesel
1123,BMW,3 Series,Truck,2011,Gasoline
1124,Ford,Escape,SUV,2014,Gasoline
1125,Hyundai,Tucson,Sedan,2014,Hybrid
1126,Ford,Escape,Sedan,2013,Gasoline
1127,Honda,CR-V,Sedan,2013,Gasoline
1128,Hyundai,Santa Fe,Sedan,2010,Hybrid
1129,Honda,Accord,SUV,2013,Gasoline
1130,Hyundai,Elantra,Sedan,2013,Diesel
1131,Kia,Forte,Truck,2012,Hybrid
1132,Kia,Sorento,Truck,2010,Diesel
1133,Mercedes-Benz,E-Class,Truck,2013,Diesel
1134,Hyundai,Elantra,SUV,2011,Gasoline
1135,Volkswagen,Atlas,Hatchback,2013,Hybrid
1136,Volkswagen,Tiguan,Truck,2012,Hybrid
1137,Mercedes-Benz,E-Class,Hatchback,2010,Hybrid
1138,Hyundai,Elantra,Truck,2010,Gasoline
1139,Kia,Sportage,SUV,2012,Hybrid
1140,Audi,A6,Sedan,2014,Diesel
1141,Volkswagen,Jetta,Truck,2013,Diesel
1142,BMW,3 Series,Sedan,2013,Gasoline
1143,Kia,Sportage,Sedan,2012,Gasoline
1144,Audi,A4,Hatchback,2015,Gasoline
1145,Audi,Q5,Sedan,2011,Gasoline
1146,Kia,Forte,Truck,2010,Gasoline
1147,Honda,CR-V,Truck,2014,Gasoline
1148,Chevrolet,Tahoe,SUV,2012,Hybrid
1149,BMW,X5,SUV,2010,Hybrid
1150,Nissan,Sentra,Hatchback,2010,Diesel
1151,Chevrolet,Malibu,Hatchback,2015,Gasoline
1152,Audi,A4,Sedan,2015,Diesel
1153,Nissan,Rogue,Sedan,2011,Gasoline
1154,BMW,X5,Sedan,2014,Hybrid
1155,Toyota,RAV4,Hatchback,2014,Diesel
1156,Volkswagen,Jetta,SUV,2015,Diesel
1157,Honda,CR-V,Sedan,2015,Gasoline
1158,BMW,X5,Sedan,2013,Hybrid
1159,Mercedes-Benz,C-Class,Truck,2012,Gasoline
1160,Volkswagen,Jetta,SUV,2014,Diesel
1161,Ford,Escape,Truck,2011,Diesel
1162,Honda,CR-V,Truck,2012,Hybrid
1163,Toyota,Highlander,Hatchback,2012,Hybrid
1164,Kia,Optima,Sedan,2012,Diesel
1165,Hyundai,Elantra,Sedan,2014,Diesel
1166,Kia,Sorento,SUV,2013,Hybrid
1167,BMW,X3,SUV,2012,Diesel
1168,Chevrolet,Tahoe,Truck,2015,Diesel
1169,Ford,Explorer,Hatchback,2013,Gasoline
1170,BMW,X3,SUV,2011,Hybrid
1171,Volkswagen,Tiguan,SUV,2015,Gasoline
1172,Hyundai,Santa Fe,Hatchback,2017,Gasoline
1173,Audi,Q5,Truck,2016,Hybrid
1174,BMW,5 Series,SUV,2017,Gasoline
1175,Mercedes-Benz,GLC,Hatchback,2018,Diesel
1176,BMW,3 Series,Hatchback,2017,Gasoline
1177,Toyota,Camry,Hatchback,2017,Hybrid
1178,Ford,Escape,Hatchback,2017,Gasoline
1179,Mercedes-Benz,GLE,Sedan,2018,Diesel
1180,Toyota,Camry,Hatchback,2016,Hybrid
1181,Chevrolet,Malibu,Truck,2016,Gasoline
1182,Honda,Accord,Hatchback,2016,Gasoline
1183,Toyota,Highlander,Truck,2018,Hybrid
1184,Hyundai,Santa Fe,Sedan,2016,Gasoline
1185,Volkswagen,Tiguan,Hatchback,2018,Gasoline
1186,Kia,Sorento,Truck,2017,Hybrid
1187,Chevrolet,Silverado,Hatchback,2018,Diesel
1188,Honda,Pilot,Sedan,2016,Diesel
1189,Hyundai,Tucson,SUV,2018,Hybrid
1190,Ford,Explorer,Sedan,2016,Hybrid
1191,Hyundai,Elantra,Sedan,2018,Diesel
1192,Ford,Escape,Sedan,2016,Hybrid
1193,Volkswagen,Tiguan,SUV,2017,Hybrid
1194,Hyundai,Tucson,Sedan,2016,Gasoline
1195,BMW,X3,Truck,2018,Gasoline
1196,Honda,Accord,Sedan,2018,Diesel
1197,Honda,Accord,Hatchback,2017,Hybrid
1198,Mercedes-Benz,C-Class,Sedan,2018,Hybrid
1199,Hyundai,Santa Fe,SUV,2017,Diesel
1200,Ford,Escape,Truck,2016,Diesel
1201,Hyundai,Santa Fe,Truck,2016,Hybrid
1202,Volkswagen,Passat,SUV,2017,Diesel
1203,Honda,Pilot,Truck,2016,Diesel
1204,Hyundai,Sonata,SUV,2018,Diesel
1205,Nissan,Altima,Hatchback,2018,Gasoline
1206,Volkswagen,Atlas,SUV,2017,Gasoline
1207,BMW,X5,Hatchback,2016,Gasoline
1208,Chevrolet,Malibu,Truck,2017,Gasoline
1209,Ford,Escape,Truck,2018,Diesel
1210,Nissan,Pathfinder,Truck,2017,Hybrid
1211,Ford,F-150,Truck,2017,Gasoline
1212,Nissan,Rogue,Sedan,2018,Hybrid
1213,Ford,F-150,Truck,2018,Gasoline
1214,Nissan,Sentra,Hatchback,2018,Gasoline
1215,Hyundai,Santa Fe,SUV,2016,Diesel
1216,BMW,X3,SUV,2017,Gasoline
1217,Mercedes-Benz,GLE,Sedan,2018,Gasoline
1218,BMW,X3,Truck,2017,Hybrid
1219,Nissan,Altima,Truck,2017,Diesel
1220,Toyota,RAV4,SUV,2018,Hybrid
1221,Chevrolet,Malibu,Sedan,2017,Gasoline
1222,Kia,Sorento,Truck,2016,Hybrid
1223,Mercedes-Benz,E-Class,Truck,2017,Gasoline
1224,Kia,Sorento,Hatchback,2016,Hybrid
1225,Ford,Escape,Truck,2017,Gasoline
1226,Volkswagen,Tiguan,SUV,2016,Hybrid
1227,Mercedes-Benz,GLC,Hatchback,2016,Diesel
1228,Volkswagen,Jetta,Hatchback,2017,Hybrid
1229,Nissan,Pathfinder,Hatchback,2017,Diesel
1230,Chevrolet,Silverado,Hatchback,2016,Diesel
1231,BMW,3 Series,SUV,2016,Hybrid
1232,Mercedes-Benz,GLE,Truck,2017,Hybrid
1233,Toyota,Camry,Hatchback,2016,Gasoline
1234,Hyundai,Santa Fe,Truck,2018,Hybrid
1235,Hyundai,Tucson,Sedan,2018,Diesel
1236,Ford,Escape,SUV,2018,Diesel
1237,Mercedes-Benz,C-Class,Hatchback,2016,Hybrid
1238,Nissan,Altima,SUV,2018,Hybrid
1239,Ford,Escape,Hatchback,2016,Diesel
1240,BMW,5 Series,Truck,2017,Diesel
1241,Audi,Q5,Sedan,2017,Diesel
1242,Volkswagen,Atlas,Hatchback,2016,Diesel
1243,Chevrolet,Equinox,Truck,2018,Hybrid
1244,Volkswagen,Atlas,Hatchback,2017,Gasoline
1245,Honda,Pilot,SUV,2016,Diesel
1246,Kia,Sorento,Hatchback,2016,Gasoline
1247,Ford,F-150,Sedan,2021,Gasoline
1248,Honda,Civic,SUV,2023,Hybrid
1249,Volkswagen,Passat,Truck,2021,Diesel
1250,Volkswagen,Atlas,Truck,2023,Hybrid
1251,Audi,A4,Sedan,2023,Gasoline
1252,Honda,CR-V,Truck,2022,Diesel
1253,Mercedes-Benz,GLE,Hatchback,2022,Gasoline
1254,Audi,A6,SUV,2023,Hybrid
1255,Volkswagen,Tiguan,Truck,2020,Diesel
1256,Kia,Sportage,Hatchback,2022,Diesel
1257,BMW,X3,Hatchback,2021,Hybrid
1258,Ford,Explorer,Hatchback,2022,Hybrid
1259,Hyundai,Santa Fe,Hatchback,2022,Hybrid
1260,Audi,Q7,Hatchback,2022,Hybrid
1261,Hyundai,Tucson,Sedan,2020,Hybrid
1262,Chevrolet,Silverado,Hatchback,2021,Diesel
1263,Ford,Explorer,Hatchback,2020,Hybrid
1264,Mercedes-Benz,E-Class,SUV,2022,Diesel
1265,Toyota,RAV4,Sedan,2021,Gasoline
1266,Hyundai,Sonata,SUV,2020,Hybrid
1267,Toyota,RAV4,Sedan,2019,Gasoline
1268,Audi,Q7,SUV,2019,Gasoline
1269,Honda,Civic,Hatchback,2023,Diesel
1270,Chevrolet,Malibu,SUV,2020,Hybrid
1271,BMW,3 Series,Sedan,2021,Gasoline
1272,Mercedes-Benz,E-Class,Sedan,2023,Diesel
1273,Chevrolet,Malibu,Hatchback,2021,Diesel
1274,BMW,5 Series,Hatchback,2021,Gasoline
1275,Honda,Civic,SUV,2021,Diesel
1276,Toyota,Highlander,Sedan,2023,Diesel
1277,Mercedes-Benz,GLC,Hatchback,2019,Hybrid
1278,Hyundai,Santa Fe,Sedan,2023,Hybrid
1279,Nissan,Rogue,Truck,2020,Hybrid
1280,Hyundai,Sonata,Hatchback,2023,Gasoline
1281,Toyota,Highlander,Sedan,2022,Gasoline
1282,Honda,CR-V,SUV,2019,Gasoline
1283,BMW,5 Series,Hatchback,2022,Gasoline
1284,Kia,Sorento,Sedan,2019,Gasoline
1285,Mercedes-Benz,E-Class,Sedan,2019,Diesel
1286,Ford,Explorer,SUV,2022,Gasoline
1287,BMW,5 Series,SUV,2021,Gasoline
1288,Honda,Civic,Truck,2021,Hybrid
1289,Mercedes-Benz,E-Class,Sedan,2020,Diesel
1290,BMW,3 Series,Hatchback,2021,Hybrid
1291,Kia,Optima,SUV,2021,Gasoline
1292,Kia,Optima,Hatchback,2020,Hybrid
1293,Hyundai,Elantra,Sedan,2022,Hybrid
1294,Kia,Forte,Sedan,2021,Hybrid
1295,Hyundai,Tucson,SUV,2021,Hybrid
1296,BMW,3 Series,Sedan,2023,Gasoline
1297,Honda,Civic,Truck,2023,Hybrid
1298,Toyota,Highlander,SUV,2021,Hybrid
1299,Kia,Sportage,Hatchback,2020,Hybrid
1300,Ford,Mustang,Truck,2020,Hybrid
1301,Honda,CR-V,Hatchback,2022,Hybrid
1302,BMW,X5,Hatchback,2022,Hybrid
1303,Volkswagen,Tiguan,Hatchback,2021,Gasoline
1304,Volkswagen,Jetta,Hatchback,2021,Hybrid
1305,Hyundai,Santa Fe,Hatchback,2023,Diesel
1306,Kia,Optima,Truck,2023,Hybrid
1307,Chevrolet,Equinox,Hatchback,2023,Diesel
1308,BMW,5 Series,Hatchback,2020,Hybrid
1309,BMW,3 Series,Hatchback,2022,Gasoline
1310,Chevrolet,Silverado,Hatchback,2020,Diesel
1311,Honda,CR-V,Hatchback,2020,Gasoline
1312,Nissan,Rogue,Sedan,2023,Gasoline
1313,Nissan,Pathfinder,Hatchback,2020,Diesel
1314,Chevrolet,Tahoe,Truck,2019,Hybrid
1315,Nissan,Sentra,Truck,2021,Diesel
1316,Toyota,RAV4,Hatchback,2022,Hybrid
1317,Mercedes-Benz,C-Class,Sedan,2023,Gasoline
1318,Honda,CR-V,SUV,2019,Diesel
1319,Mercedes-Benz,C-Class,Truck,2020,Hybrid
1320,Ford,Explorer,Truck,2022,Hybrid
1321,Mercedes-Benz,E-Class,Truck,2019,Hybrid
1322,Ford,Escape,Sedan,2023,Hybrid
1323,Toyota,RAV4,Hatchback,2020,Hybrid
1324,BMW,X3,Sedan,2021,Diesel
1325,Kia,Sportage,Sedan,2019,Hybrid
